resp_id,state,settlement,age_band,gender,disability_type,preferred_language,main_barrier,voted_last_cycle_simulated,confidence_finding_info_1_5
SRV-0001,Imo,urban,25-34,female,cognitive,yo,language,False,2
SRV-0002,Niger,rural,50-64,female,none,yo,no_braille_or_large_print,True,4
SRV-0003,Ogun,rural,18-24,male,hearing,en,no_braille_or_large_print,True,1
SRV-0004,Adamawa,rural,25-34,male,hearing,yo,physical_access,True,5
SRV-0005,Lagos,rural,18-24,male,multiple,ig,information_gap,False,1
SRV-0006,Rivers,rural,35-49,male,none,ha,safety_concerns,False,5
SRV-0007,Cross River,urban,25-34,male,multiple,en,language,True,3
SRV-0008,Delta,urban,50-64,undisclosed,none,en,information_gap,True,2
SRV-0009,Anambra,urban,18-24,undisclosed,mobility,ha,safety_concerns,True,2
SRV-0010,Lagos,urban,25-34,female,none,pcm,safety_concerns,True,2
SRV-0011,Delta,urban,18-24,undisclosed,mobility,pcm,no_braille_or_large_print,True,3
SRV-0012,Osun,urban,25-34,female,hearing,yo,information_gap,True,1
SRV-0013,Adamawa,rural,50-64,male,none,ha,physical_access,True,4
SRV-0014,Anambra,urban,65+,female,cognitive,yo,none,True,3
SRV-0015,Sokoto,urban,18-24,undisclosed,cognitive,yo,physical_access,False,3
SRV-0016,Kano,rural,35-49,female,none,pcm,no_id_documents,True,4
SRV-0017,Enugu,urban,35-49,female,none,ha,physical_access,True,4
SRV-0018,Benue,urban,65+,male,multiple,other,language,False,5
SRV-0019,Rivers,urban,18-24,male,none,ig,physical_access,False,5
SRV-0020,Oyo,urban,50-64,undisclosed,none,ig,physical_access,True,4
SRV-0021,Imo,urban,65+,female,none,pcm,none,True,2
SRV-0022,Cross River,rural,25-34,female,visual,ig,information_gap,False,5
SRV-0023,Enugu,urban,50-64,undisclosed,hearing,ig,physical_access,False,2
SRV-0024,Kwara,rural,18-24,undisclosed,mobility,ig,information_gap,True,1
SRV-0025,Kaduna,rural,50-64,male,mobility,en,none,False,1
SRV-0026,Bauchi,rural,65+,undisclosed,cognitive,yo,physical_access,False,1
SRV-0027,Kano,urban,50-64,female,cognitive,en,none,False,4
SRV-0028,Ogun,rural,35-49,female,visual,other,no_id_documents,True,2
SRV-0029,Anambra,rural,35-49,undisclosed,none,yo,information_gap,False,2
SRV-0030,Ogun,rural,35-49,male,cognitive,yo,distance,False,4
SRV-0031,Benue,rural,25-34,male,none,yo,information_gap,False,1
SRV-0032,Kano,rural,50-64,undisclosed,cognitive,ha,no_braille_or_large_print,True,1
SRV-0033,Benue,urban,50-64,male,visual,en,language,True,3
SRV-0034,Delta,urban,65+,female,none,ig,no_braille_or_large_print,True,3
SRV-0035,Bauchi,urban,35-49,undisclosed,none,ha,no_id_documents,True,1
SRV-0036,Rivers,rural,18-24,female,mobility,en,no_id_documents,True,3
SRV-0037,Borno,urban,35-49,male,none,ig,no_braille_or_large_print,True,5
SRV-0038,Imo,rural,35-49,female,none,ig,none,True,2
SRV-0039,Plateau,urban,18-24,undisclosed,visual,yo,distance,False,2
SRV-0040,Niger,urban,50-64,female,visual,en,none,False,4
SRV-0041,Enugu,urban,25-34,undisclosed,none,pcm,information_gap,True,1
SRV-0042,Sokoto,urban,25-34,undisclosed,none,ha,no_id_documents,True,4
SRV-0043,Osun,urban,50-64,undisclosed,visual,pcm,physical_access,False,5
SRV-0044,Borno,rural,65+,female,mobility,pcm,physical_access,True,4
SRV-0045,Imo,urban,25-34,male,none,ig,safety_concerns,True,2
SRV-0046,Lagos,rural,65+,undisclosed,none,ig,distance,True,4
SRV-0047,Borno,rural,18-24,male,none,yo,safety_concerns,True,5
SRV-0048,Kano,urban,65+,male,mobility,ha,distance,False,2
SRV-0049,Benue,rural,35-49,male,visual,en,information_gap,False,3
SRV-0050,Lagos,urban,65+,female,none,ha,none,True,4
SRV-0051,Rivers,urban,65+,female,none,ig,no_id_documents,True,1
SRV-0052,Adamawa,rural,65+,undisclosed,visual,yo,language,True,2
SRV-0053,Rivers,rural,50-64,undisclosed,mobility,ha,safety_concerns,False,5
SRV-0054,Ogun,urban,65+,undisclosed,multiple,other,no_braille_or_large_print,True,1
SRV-0055,Cross River,rural,35-49,female,mobility,ig,physical_access,False,1
SRV-0056,Kano,urban,18-24,male,hearing,yo,safety_concerns,True,3
SRV-0057,Kaduna,urban,65+,female,none,en,no_id_documents,True,4
SRV-0058,Bauchi,rural,18-24,female,none,en,none,True,5
SRV-0059,Kano,urban,65+,female,none,yo,safety_concerns,False,4
SRV-0060,Delta,rural,65+,female,none,yo,distance,False,1
SRV-0061,Kano,urban,18-24,male,none,ha,none,False,5
SRV-0062,Osun,rural,65+,undisclosed,mobility,en,no_id_documents,True,5
SRV-0063,Anambra,urban,50-64,undisclosed,none,yo,distance,True,3
SRV-0064,Cross River,urban,25-34,undisclosed,multiple,pcm,none,True,4
SRV-0065,Bauchi,rural,18-24,female,cognitive,en,distance,True,4
SRV-0066,Rivers,rural,35-49,undisclosed,hearing,yo,none,True,5
SRV-0067,Lagos,urban,18-24,undisclosed,none,en,information_gap,False,2
SRV-0068,Bauchi,urban,35-49,undisclosed,none,ig,physical_access,False,5
SRV-0069,Bauchi,rural,50-64,undisclosed,none,yo,language,True,5
SRV-0070,Kwara,rural,35-49,undisclosed,multiple,ha,distance,True,1
SRV-0071,Imo,rural,18-24,undisclosed,none,ha,none,True,2
SRV-0072,Rivers,rural,35-49,female,none,yo,none,True,1
SRV-0073,Borno,rural,65+,male,none,ig,language,True,5
SRV-0074,Delta,rural,65+,male,visual,ig,information_gap,False,2
SRV-0075,Ogun,rural,25-34,male,mobility,yo,information_gap,True,4
SRV-0076,Plateau,urban,50-64,female,none,ha,none,True,4
SRV-0077,Lagos,rural,25-34,female,none,en,physical_access,True,3
SRV-0078,Kano,rural,18-24,female,none,yo,language,False,5
SRV-0079,Lagos,rural,18-24,female,cognitive,ha,no_id_documents,False,2
SRV-0080,Oyo,urban,65+,female,mobility,ha,none,True,4
SRV-0081,Kwara,rural,50-64,undisclosed,visual,en,safety_concerns,True,2
SRV-0082,Niger,urban,50-64,male,mobility,ha,no_braille_or_large_print,False,4
SRV-0083,Borno,urban,50-64,male,none,yo,language,False,5
SRV-0084,Enugu,rural,50-64,undisclosed,none,yo,no_id_documents,True,3
SRV-0085,Lagos,rural,50-64,male,none,en,distance,True,2
SRV-0086,Rivers,rural,50-64,female,none,yo,distance,True,3
SRV-0087,Kwara,urban,25-34,undisclosed,visual,yo,safety_concerns,True,5
SRV-0088,Plateau,urban,35-49,male,none,pcm,distance,True,1
SRV-0089,Adamawa,urban,18-24,undisclosed,mobility,yo,physical_access,False,3
SRV-0090,Bauchi,rural,50-64,female,none,pcm,physical_access,False,2
SRV-0091,Ogun,rural,18-24,female,none,other,no_braille_or_large_print,False,3
SRV-0092,Kano,rural,35-49,undisclosed,none,yo,safety_concerns,True,4
SRV-0093,Niger,rural,65+,male,none,ig,no_braille_or_large_print,False,4
SRV-0094,Cross River,rural,18-24,female,multiple,ha,physical_access,True,1
SRV-0095,Enugu,urban,50-64,undisclosed,cognitive,en,distance,True,1
SRV-0096,Benue,rural,35-49,male,none,other,physical_access,False,2
SRV-0097,Plateau,rural,25-34,undisclosed,none,yo,physical_access,True,5
SRV-0098,Enugu,rural,35-49,female,multiple,ig,no_id_documents,True,4
SRV-0099,Niger,rural,25-34,female,none,ig,no_braille_or_large_print,True,4
SRV-0100,Osun,rural,18-24,male,none,en,distance,False,1
SRV-0101,Kaduna,urban,50-64,undisclosed,cognitive,yo,distance,True,3
SRV-0102,Benue,urban,35-49,undisclosed,none,other,no_braille_or_large_print,False,1
SRV-0103,Benue,urban,25-34,male,none,other,no_braille_or_large_print,True,5
SRV-0104,Ogun,urban,25-34,undisclosed,mobility,ha,distance,True,4
SRV-0105,Imo,rural,50-64,female,none,other,no_braille_or_large_print,False,3
SRV-0106,Bauchi,rural,18-24,male,none,ha,distance,False,4
SRV-0107,Imo,rural,18-24,undisclosed,hearing,other,physical_access,False,1
SRV-0108,Anambra,rural,65+,female,none,yo,language,True,2
SRV-0109,Lagos,urban,18-24,male,visual,en,physical_access,True,1
SRV-0110,Imo,rural,18-24,male,none,ig,no_id_documents,True,2
SRV-0111,Kwara,urban,50-64,male,none,yo,safety_concerns,True,3
SRV-0112,Adamawa,rural,18-24,male,none,pcm,physical_access,False,2
SRV-0113,Sokoto,urban,18-24,male,none,yo,no_id_documents,False,5
SRV-0114,Adamawa,urban,50-64,male,visual,en,no_id_documents,True,3
SRV-0115,Osun,rural,25-34,female,cognitive,ha,language,False,5
SRV-0116,Sokoto,urban,18-24,undisclosed,none,ha,no_braille_or_large_print,False,5
SRV-0117,Lagos,rural,50-64,undisclosed,hearing,pcm,distance,True,3
SRV-0118,Kwara,urban,25-34,male,hearing,en,information_gap,True,1
SRV-0119,Plateau,rural,25-34,male,none,ha,no_id_documents,True,2
SRV-0120,Rivers,rural,65+,male,none,ig,language,True,3
SRV-0121,Rivers,rural,18-24,undisclosed,none,en,distance,True,1
SRV-0122,Kwara,urban,35-49,male,none,en,physical_access,True,4
SRV-0123,Bauchi,urban,65+,undisclosed,none,pcm,none,True,2
SRV-0124,Ogun,urban,50-64,undisclosed,none,en,no_braille_or_large_print,True,4
SRV-0125,Rivers,rural,50-64,female,none,yo,language,False,2
SRV-0126,Benue,rural,65+,female,none,pcm,physical_access,True,1
SRV-0127,Lagos,urban,35-49,female,mobility,pcm,no_braille_or_large_print,False,4
SRV-0128,Oyo,rural,18-24,female,multiple,yo,safety_concerns,False,2
SRV-0129,Adamawa,urban,18-24,female,visual,pcm,distance,False,1
SRV-0130,Kano,urban,35-49,male,multiple,ha,distance,True,2
SRV-0131,Kaduna,rural,35-49,male,visual,yo,no_id_documents,True,4
SRV-0132,Imo,urban,18-24,male,mobility,ha,information_gap,True,4
SRV-0133,Niger,rural,18-24,female,none,ha,information_gap,True,3
SRV-0134,Kano,urban,50-64,undisclosed,none,ha,language,False,4
SRV-0135,Delta,rural,50-64,female,none,yo,none,True,2
SRV-0136,Kaduna,rural,65+,undisclosed,none,ha,physical_access,False,4
SRV-0137,Sokoto,urban,18-24,male,none,ig,information_gap,False,2
SRV-0138,Osun,urban,18-24,male,none,en,information_gap,False,3
SRV-0139,Osun,rural,65+,male,none,other,no_braille_or_large_print,True,2
SRV-0140,Imo,rural,25-34,female,mobility,ig,distance,True,4
SRV-0141,Cross River,rural,50-64,male,none,pcm,distance,True,5
SRV-0142,Cross River,urban,25-34,male,none,ha,language,False,1
SRV-0143,Benue,urban,65+,female,none,en,information_gap,False,2
SRV-0144,Benue,rural,25-34,female,none,yo,no_braille_or_large_print,True,4
SRV-0145,Osun,urban,65+,male,visual,pcm,no_braille_or_large_print,True,3
SRV-0146,Adamawa,rural,50-64,male,none,en,distance,True,4
SRV-0147,Cross River,urban,50-64,male,none,ig,physical_access,False,5
SRV-0148,Lagos,urban,50-64,undisclosed,none,yo,physical_access,True,5
SRV-0149,Bauchi,rural,65+,male,hearing,ig,language,True,4
SRV-0150,Delta,urban,18-24,undisclosed,none,ig,no_id_documents,False,4
SRV-0151,Bauchi,urban,50-64,female,visual,yo,physical_access,True,2
SRV-0152,Plateau,rural,35-49,female,none,en,no_braille_or_large_print,True,2
SRV-0153,Delta,urban,25-34,male,hearing,ha,distance,True,5
SRV-0154,Adamawa,urban,65+,female,none,yo,language,True,3
SRV-0155,Cross River,rural,65+,male,none,en,no_braille_or_large_print,True,2
SRV-0156,Oyo,urban,25-34,male,mobility,yo,safety_concerns,True,2
SRV-0157,Delta,urban,25-34,female,hearing,ig,distance,True,4
SRV-0158,Delta,rural,65+,undisclosed,none,pcm,language,False,3
SRV-0159,Bauchi,urban,25-34,undisclosed,visual,en,no_id_documents,False,5
SRV-0160,Kwara,rural,18-24,female,visual,en,no_braille_or_large_print,True,5
SRV-0161,Lagos,urban,18-24,female,none,ha,no_braille_or_large_print,False,1
SRV-0162,Ogun,rural,25-34,undisclosed,none,pcm,distance,False,4
SRV-0163,Rivers,urban,35-49,male,none,yo,physical_access,True,5
SRV-0164,Ogun,rural,25-34,female,mobility,ha,language,False,1
SRV-0165,Rivers,urban,50-64,female,none,ig,information_gap,True,1
SRV-0166,Delta,urban,25-34,undisclosed,mobility,ha,no_braille_or_large_print,True,4
SRV-0167,Anambra,rural,35-49,male,none,en,distance,True,5
SRV-0168,Imo,urban,18-24,female,none,en,language,True,3
SRV-0169,Bauchi,urban,35-49,male,hearing,pcm,physical_access,False,4
SRV-0170,Kano,rural,35-49,undisclosed,none,ha,safety_concerns,True,4
SRV-0171,Borno,urban,25-34,undisclosed,none,other,no_braille_or_large_print,True,5
SRV-0172,Osun,urban,65+,undisclosed,none,yo,no_id_documents,False,4
SRV-0173,Enugu,urban,35-49,male,none,en,safety_concerns,True,4
SRV-0174,Osun,rural,50-64,male,multiple,pcm,information_gap,True,1
SRV-0175,Niger,rural,18-24,male,none,pcm,language,True,3
SRV-0176,Rivers,urban,25-34,male,none,ig,no_id_documents,False,1
SRV-0177,Benue,urban,18-24,female,none,ig,no_id_documents,False,2
SRV-0178,Kwara,rural,35-49,male,none,en,none,True,4
SRV-0179,Osun,urban,18-24,male,mobility,ig,physical_access,False,3
SRV-0180,Borno,rural,18-24,male,none,ha,distance,False,1
SRV-0181,Enugu,rural,65+,female,none,en,no_id_documents,False,3
SRV-0182,Rivers,urban,25-34,male,mobility,pcm,language,True,4
SRV-0183,Kwara,urban,25-34,male,none,ha,language,True,2
SRV-0184,Oyo,rural,35-49,female,none,yo,safety_concerns,True,3
SRV-0185,Plateau,urban,50-64,undisclosed,mobility,ha,physical_access,False,3
SRV-0186,Delta,urban,65+,undisclosed,none,en,information_gap,True,2
SRV-0187,Kaduna,urban,65+,female,none,ha,physical_access,True,5
SRV-0188,Adamawa,urban,35-49,undisclosed,none,pcm,distance,False,4
SRV-0189,Plateau,urban,35-49,female,none,en,distance,False,2
SRV-0190,Plateau,urban,50-64,male,none,en,no_id_documents,True,5
SRV-0191,Niger,urban,25-34,female,none,ha,no_braille_or_large_print,False,3
SRV-0192,Borno,rural,50-64,male,none,pcm,distance,True,5
SRV-0193,Bauchi,urban,50-64,female,mobility,ha,none,False,4
SRV-0194,Adamawa,rural,50-64,male,none,en,none,False,3
SRV-0195,Osun,rural,25-34,female,visual,ig,distance,False,4
SRV-0196,Rivers,urban,25-34,undisclosed,mobility,en,safety_concerns,False,3
SRV-0197,Kaduna,urban,25-34,undisclosed,none,other,safety_concerns,True,3
SRV-0198,Plateau,urban,35-49,male,visual,ig,none,False,1
SRV-0199,Borno,rural,65+,male,none,en,safety_concerns,True,4
SRV-0200,Borno,urban,18-24,male,multiple,yo,no_id_documents,True,2
SRV-0201,Rivers,rural,18-24,male,multiple,ig,information_gap,True,4
SRV-0202,Kwara,rural,25-34,undisclosed,none,pcm,no_braille_or_large_print,False,3
SRV-0203,Bauchi,rural,65+,female,none,ig,safety_concerns,True,5
SRV-0204,Adamawa,urban,65+,female,hearing,ig,physical_access,True,1
SRV-0205,Kaduna,urban,65+,male,cognitive,yo,no_id_documents,True,4
SRV-0206,Plateau,rural,35-49,male,none,en,distance,True,5
SRV-0207,Sokoto,rural,65+,male,none,ig,distance,False,5
SRV-0208,Bauchi,rural,65+,male,hearing,yo,none,False,4
SRV-0209,Niger,urban,18-24,male,none,pcm,no_id_documents,False,2
SRV-0210,Niger,urban,50-64,undisclosed,none,pcm,distance,True,4
SRV-0211,Cross River,urban,35-49,undisclosed,none,en,no_id_documents,True,1
SRV-0212,Kano,urban,25-34,female,none,en,distance,False,3
SRV-0213,Rivers,urban,35-49,female,cognitive,ha,language,True,5
SRV-0214,Lagos,rural,18-24,male,none,yo,information_gap,True,2
SRV-0215,Plateau,urban,18-24,female,none,ig,no_id_documents,False,1
SRV-0216,Anambra,rural,50-64,female,none,other,physical_access,True,3
SRV-0217,Niger,urban,50-64,undisclosed,mobility,yo,language,False,2
SRV-0218,Benue,rural,25-34,male,none,ig,none,True,1
SRV-0219,Rivers,urban,65+,male,mobility,en,distance,True,2
SRV-0220,Plateau,urban,35-49,male,cognitive,ha,no_braille_or_large_print,False,3
SRV-0221,Niger,rural,50-64,male,none,en,information_gap,False,5
SRV-0222,Imo,urban,35-49,male,cognitive,en,none,False,5
SRV-0223,Kaduna,rural,35-49,undisclosed,none,pcm,information_gap,False,3
SRV-0224,Ogun,urban,65+,undisclosed,cognitive,ha,none,True,4
SRV-0225,Borno,rural,65+,female,none,yo,no_braille_or_large_print,True,4
SRV-0226,Benue,urban,25-34,undisclosed,hearing,ha,language,True,1
SRV-0227,Cross River,rural,25-34,undisclosed,none,yo,language,False,2
SRV-0228,Ogun,rural,18-24,female,hearing,ig,information_gap,True,1
SRV-0229,Anambra,rural,25-34,female,visual,en,distance,True,5
SRV-0230,Anambra,rural,25-34,male,none,pcm,no_braille_or_large_print,True,3
SRV-0231,Niger,urban,35-49,female,none,pcm,safety_concerns,True,3
SRV-0232,Cross River,rural,50-64,undisclosed,hearing,ig,no_id_documents,True,2
SRV-0233,Sokoto,rural,50-64,male,cognitive,ha,no_braille_or_large_print,True,5
SRV-0234,Oyo,rural,35-49,undisclosed,cognitive,en,distance,True,5
SRV-0235,Sokoto,urban,35-49,female,none,yo,information_gap,False,3
SRV-0236,Kwara,urban,65+,female,none,ig,language,True,1
SRV-0237,Lagos,urban,18-24,male,mobility,pcm,information_gap,True,5
SRV-0238,Adamawa,rural,65+,male,none,ha,physical_access,True,1
SRV-0239,Oyo,rural,35-49,undisclosed,multiple,en,no_id_documents,False,5
SRV-0240,Kwara,urban,65+,undisclosed,none,yo,distance,True,2
SRV-0241,Kaduna,urban,65+,undisclosed,none,ig,safety_concerns,False,4
SRV-0242,Benue,rural,35-49,male,hearing,ha,no_braille_or_large_print,False,1
SRV-0243,Kano,rural,50-64,male,none,en,no_id_documents,False,4
SRV-0244,Delta,rural,50-64,undisclosed,none,en,safety_concerns,True,5
SRV-0245,Kaduna,rural,18-24,male,none,pcm,none,False,5
SRV-0246,Ogun,rural,18-24,female,visual,en,safety_concerns,True,4
SRV-0247,Oyo,urban,25-34,male,none,en,safety_concerns,False,3
SRV-0248,Plateau,rural,25-34,male,none,pcm,language,True,2
SRV-0249,Oyo,rural,65+,undisclosed,mobility,ig,language,False,2
SRV-0250,Adamawa,rural,25-34,undisclosed,mobility,yo,information_gap,True,1
SRV-0251,Ogun,rural,25-34,undisclosed,mobility,en,distance,True,2
SRV-0252,Borno,urban,35-49,female,none,yo,information_gap,False,1
SRV-0253,Imo,urban,50-64,male,visual,ha,no_braille_or_large_print,True,5
SRV-0254,Cross River,rural,35-49,male,hearing,ha,safety_concerns,False,3
SRV-0255,Kano,urban,18-24,undisclosed,multiple,pcm,no_braille_or_large_print,True,2
SRV-0256,Kaduna,rural,35-49,male,none,yo,no_braille_or_large_print,True,2
SRV-0257,Plateau,rural,18-24,male,none,en,distance,True,3
SRV-0258,Adamawa,rural,35-49,female,cognitive,en,safety_concerns,True,1
SRV-0259,Cross River,urban,50-64,male,none,other,information_gap,False,1
SRV-0260,Borno,urban,50-64,female,none,other,no_id_documents,False,3
SRV-0261,Imo,urban,18-24,undisclosed,none,en,information_gap,False,1
SRV-0262,Anambra,urban,18-24,male,none,pcm,physical_access,False,2
SRV-0263,Cross River,urban,18-24,undisclosed,mobility,pcm,physical_access,False,2
SRV-0264,Enugu,rural,50-64,male,none,en,safety_concerns,False,1
SRV-0265,Borno,rural,50-64,male,mobility,en,language,False,1
SRV-0266,Lagos,rural,50-64,male,none,en,safety_concerns,False,1
SRV-0267,Lagos,urban,50-64,female,none,yo,no_id_documents,True,1
SRV-0268,Plateau,urban,25-34,undisclosed,none,ig,none,False,1
SRV-0269,Plateau,rural,65+,undisclosed,visual,yo,information_gap,True,3
SRV-0270,Adamawa,rural,18-24,female,none,ig,distance,False,2
SRV-0271,Bauchi,urban,25-34,undisclosed,none,ha,no_id_documents,True,3
SRV-0272,Bauchi,urban,25-34,male,multiple,pcm,language,False,1
SRV-0273,Imo,rural,65+,male,mobility,en,safety_concerns,True,2
SRV-0274,Plateau,urban,50-64,female,cognitive,yo,safety_concerns,False,4
SRV-0275,Plateau,urban,50-64,female,none,ha,distance,True,2
SRV-0276,Osun,urban,25-34,male,none,pcm,no_braille_or_large_print,True,1
SRV-0277,Sokoto,rural,65+,female,none,ig,none,False,2
SRV-0278,Imo,urban,18-24,male,cognitive,yo,safety_concerns,True,5
SRV-0279,Rivers,rural,50-64,male,none,ha,distance,True,1
SRV-0280,Kaduna,rural,25-34,male,hearing,en,physical_access,True,3
SRV-0281,Ogun,urban,25-34,male,mobility,en,physical_access,True,5
SRV-0282,Benue,rural,25-34,male,none,en,language,False,2
SRV-0283,Imo,urban,50-64,female,multiple,yo,language,True,4
SRV-0284,Enugu,rural,18-24,female,none,en,safety_concerns,True,4
SRV-0285,Borno,rural,50-64,undisclosed,visual,en,none,False,1
SRV-0286,Borno,urban,65+,undisclosed,cognitive,ha,safety_concerns,False,4
SRV-0287,Cross River,rural,50-64,undisclosed,none,en,information_gap,True,4
SRV-0288,Kaduna,urban,50-64,male,cognitive,ha,physical_access,False,4
SRV-0289,Enugu,urban,25-34,female,none,en,no_braille_or_large_print,True,4
SRV-0290,Osun,urban,25-34,male,none,ha,physical_access,False,5
SRV-0291,Niger,urban,35-49,female,visual,pcm,distance,True,4
SRV-0292,Enugu,urban,50-64,undisclosed,none,pcm,safety_concerns,True,4
SRV-0293,Adamawa,urban,65+,male,none,ha,physical_access,False,5
SRV-0294,Lagos,rural,18-24,undisclosed,multiple,en,distance,False,1
SRV-0295,Borno,rural,50-64,male,hearing,en,physical_access,True,3
SRV-0296,Bauchi,urban,35-49,male,none,en,no_braille_or_large_print,False,5
SRV-0297,Borno,urban,18-24,undisclosed,none,yo,physical_access,True,3
SRV-0298,Sokoto,urban,65+,female,mobility,pcm,physical_access,True,3
SRV-0299,Enugu,rural,65+,undisclosed,visual,yo,physical_access,True,1
SRV-0300,Sokoto,urban,50-64,male,none,ig,information_gap,False,1
SRV-0301,Adamawa,rural,35-49,female,none,pcm,information_gap,True,1
SRV-0302,Oyo,rural,50-64,male,none,ig,safety_concerns,True,3
SRV-0303,Ogun,rural,35-49,female,none,ha,distance,False,1
SRV-0304,Niger,rural,18-24,undisclosed,none,other,physical_access,False,3
SRV-0305,Niger,rural,18-24,female,none,en,distance,True,5
SRV-0306,Benue,rural,25-34,female,none,ha,none,True,5
SRV-0307,Oyo,rural,25-34,undisclosed,visual,yo,language,False,4
SRV-0308,Lagos,rural,18-24,male,none,ha,language,True,4
SRV-0309,Benue,urban,18-24,undisclosed,multiple,ha,language,False,3
SRV-0310,Sokoto,rural,50-64,female,none,en,none,True,4
SRV-0311,Ogun,rural,65+,undisclosed,mobility,ig,none,False,3
SRV-0312,Anambra,rural,65+,female,cognitive,ig,no_id_documents,True,2
SRV-0313,Niger,urban,18-24,female,multiple,other,no_id_documents,False,4
SRV-0314,Bauchi,urban,18-24,male,none,en,information_gap,False,4
SRV-0315,Plateau,urban,65+,male,mobility,ha,safety_concerns,True,2
SRV-0316,Adamawa,rural,18-24,male,mobility,ha,no_braille_or_large_print,False,1
SRV-0317,Borno,urban,50-64,male,none,en,none,True,3
SRV-0318,Oyo,urban,50-64,male,none,en,distance,False,5
SRV-0319,Imo,urban,50-64,undisclosed,none,ha,physical_access,False,5
SRV-0320,Imo,urban,65+,male,none,en,language,True,1
SRV-0321,Bauchi,rural,25-34,undisclosed,hearing,pcm,distance,False,4
SRV-0322,Sokoto,urban,50-64,undisclosed,multiple,en,physical_access,False,4
SRV-0323,Kano,urban,18-24,male,none,pcm,distance,True,3
SRV-0324,Borno,rural,65+,female,hearing,en,no_braille_or_large_print,False,3
SRV-0325,Niger,rural,50-64,female,none,ha,distance,True,1
SRV-0326,Kaduna,rural,25-34,male,mobility,yo,physical_access,False,3
SRV-0327,Lagos,rural,25-34,undisclosed,hearing,ha,no_braille_or_large_print,True,5
SRV-0328,Oyo,urban,50-64,female,none,yo,distance,True,4
SRV-0329,Benue,urban,50-64,undisclosed,multiple,en,distance,True,5
SRV-0330,Rivers,rural,18-24,male,none,en,none,True,2
SRV-0331,Borno,urban,18-24,female,none,ig,language,False,2
SRV-0332,Cross River,rural,65+,male,cognitive,en,distance,True,1
SRV-0333,Benue,urban,50-64,undisclosed,none,en,no_braille_or_large_print,False,5
SRV-0334,Lagos,rural,18-24,female,none,en,distance,True,3
SRV-0335,Kaduna,rural,50-64,female,none,ha,physical_access,False,2
SRV-0336,Enugu,urban,18-24,male,none,yo,no_id_documents,True,5
SRV-0337,Kwara,urban,25-34,female,none,pcm,distance,True,3
SRV-0338,Enugu,urban,25-34,male,none,ha,safety_concerns,True,4
SRV-0339,Kwara,rural,50-64,female,visual,pcm,no_braille_or_large_print,True,3
SRV-0340,Kwara,rural,50-64,undisclosed,none,ha,distance,True,4
SRV-0341,Imo,rural,35-49,undisclosed,none,en,no_id_documents,True,2
SRV-0342,Plateau,urban,18-24,undisclosed,hearing,yo,no_id_documents,True,1
SRV-0343,Benue,urban,25-34,undisclosed,none,yo,none,True,3
SRV-0344,Anambra,rural,50-64,male,none,yo,no_id_documents,False,5
SRV-0345,Bauchi,rural,65+,undisclosed,cognitive,ig,safety_concerns,False,5
SRV-0346,Plateau,urban,65+,female,none,en,physical_access,True,3
SRV-0347,Enugu,rural,50-64,undisclosed,none,yo,distance,True,1
SRV-0348,Kano,urban,18-24,female,hearing,en,safety_concerns,False,3
SRV-0349,Enugu,urban,35-49,undisclosed,none,ig,language,False,4
SRV-0350,Oyo,urban,65+,undisclosed,none,pcm,none,False,3
SRV-0351,Plateau,urban,35-49,male,none,en,information_gap,True,1
SRV-0352,Cross River,rural,25-34,undisclosed,none,yo,physical_access,False,5
SRV-0353,Delta,urban,25-34,male,none,pcm,information_gap,True,3
SRV-0354,Bauchi,urban,50-64,male,hearing,yo,physical_access,False,3
SRV-0355,Osun,urban,18-24,female,mobility,yo,language,False,2
SRV-0356,Cross River,rural,65+,undisclosed,mobility,ig,no_braille_or_large_print,False,4
SRV-0357,Lagos,rural,35-49,male,visual,pcm,physical_access,True,4
SRV-0358,Oyo,rural,25-34,female,none,pcm,information_gap,False,5
SRV-0359,Lagos,urban,50-64,undisclosed,hearing,pcm,none,False,5
SRV-0360,Lagos,urban,65+,female,none,ha,no_id_documents,True,4
SRV-0361,Rivers,urban,65+,male,none,ha,information_gap,True,2
SRV-0362,Enugu,urban,25-34,undisclosed,multiple,en,safety_concerns,False,4
SRV-0363,Rivers,rural,35-49,male,none,en,information_gap,True,4
SRV-0364,Anambra,rural,50-64,male,none,yo,distance,True,2
SRV-0365,Cross River,rural,50-64,male,visual,yo,safety_concerns,True,1
SRV-0366,Cross River,urban,50-64,male,none,pcm,language,True,5
SRV-0367,Bauchi,urban,25-34,female,cognitive,ig,no_id_documents,False,3
SRV-0368,Niger,rural,18-24,undisclosed,none,en,no_braille_or_large_print,True,5
SRV-0369,Cross River,rural,18-24,female,mobility,en,information_gap,True,3
SRV-0370,Benue,urban,35-49,undisclosed,none,ha,no_braille_or_large_print,False,4
SRV-0371,Niger,rural,65+,female,none,pcm,distance,False,3
SRV-0372,Plateau,urban,50-64,female,hearing,ig,distance,False,3
SRV-0373,Rivers,urban,50-64,female,none,pcm,safety_concerns,True,1
SRV-0374,Benue,rural,65+,undisclosed,none,en,no_id_documents,True,4
SRV-0375,Adamawa,urban,50-64,male,visual,ig,none,False,5
SRV-0376,Kwara,rural,65+,female,hearing,en,information_gap,True,1
SRV-0377,Ogun,rural,50-64,female,none,ig,language,False,5
SRV-0378,Anambra,rural,35-49,male,mobility,en,language,True,3
SRV-0379,Enugu,rural,50-64,undisclosed,hearing,en,language,True,4
SRV-0380,Benue,urban,50-64,undisclosed,none,en,physical_access,True,5
SRV-0381,Oyo,urban,50-64,undisclosed,none,ha,safety_concerns,False,1
SRV-0382,Delta,urban,50-64,male,none,ha,safety_concerns,True,2
SRV-0383,Adamawa,urban,25-34,female,none,ha,information_gap,True,2
SRV-0384,Rivers,rural,25-34,male,none,en,no_id_documents,True,4
SRV-0385,Delta,urban,25-34,undisclosed,visual,pcm,physical_access,False,4
SRV-0386,Imo,urban,25-34,undisclosed,none,en,no_braille_or_large_print,False,2
SRV-0387,Kano,urban,35-49,male,none,ha,physical_access,True,4
SRV-0388,Ogun,rural,50-64,male,none,ha,no_id_documents,True,2
SRV-0389,Ogun,rural,65+,male,none,en,physical_access,True,5
SRV-0390,Niger,urban,50-64,male,hearing,yo,no_id_documents,True,3
SRV-0391,Anambra,rural,65+,female,none,ha,no_braille_or_large_print,False,5
SRV-0392,Bauchi,urban,35-49,male,none,en,no_id_documents,False,5
SRV-0393,Delta,urban,18-24,female,none,pcm,no_id_documents,False,3
SRV-0394,Cross River,urban,18-24,female,visual,yo,none,False,1
SRV-0395,Rivers,urban,50-64,male,none,ig,language,True,3
SRV-0396,Benue,urban,50-64,female,none,yo,language,True,5
SRV-0397,Rivers,rural,18-24,male,cognitive,other,language,False,3
SRV-0398,Kwara,rural,35-49,female,none,ha,language,True,3
SRV-0399,Imo,rural,50-64,undisclosed,none,ha,physical_access,True,1
SRV-0400,Osun,urban,35-49,female,none,other,safety_concerns,True,5
SRV-0401,Anambra,rural,50-64,female,cognitive,en,information_gap,True,2
SRV-0402,Benue,urban,35-49,male,none,en,physical_access,False,5
SRV-0403,Imo,rural,25-34,female,multiple,yo,language,False,5
SRV-0404,Osun,rural,50-64,undisclosed,none,pcm,language,True,3
SRV-0405,Lagos,rural,35-49,female,none,yo,none,False,1
SRV-0406,Lagos,rural,65+,male,none,ig,physical_access,True,4
SRV-0407,Rivers,urban,25-34,female,none,ig,safety_concerns,True,4
SRV-0408,Delta,urban,18-24,female,hearing,en,information_gap,True,4
SRV-0409,Anambra,rural,18-24,male,mobility,en,physical_access,True,5
SRV-0410,Kano,rural,65+,male,none,en,none,False,1
SRV-0411,Cross River,urban,50-64,undisclosed,mobility,pcm,information_gap,True,1
SRV-0412,Enugu,rural,25-34,female,none,en,information_gap,False,4
SRV-0413,Kano,rural,25-34,undisclosed,mobility,ha,no_id_documents,False,5
SRV-0414,Sokoto,rural,25-34,undisclosed,none,en,physical_access,True,1
SRV-0415,Kano,urban,25-34,male,mobility,pcm,no_id_documents,True,1
SRV-0416,Cross River,rural,50-64,undisclosed,none,other,physical_access,False,2
SRV-0417,Enugu,rural,18-24,female,visual,ha,none,False,4
SRV-0418,Bauchi,rural,35-49,female,visual,en,no_braille_or_large_print,False,3
SRV-0419,Benue,urban,50-64,male,visual,en,physical_access,True,2
SRV-0420,Kwara,rural,25-34,male,none,pcm,safety_concerns,True,3
SRV-0421,Rivers,rural,18-24,male,none,yo,distance,True,4
SRV-0422,Lagos,rural,25-34,male,none,ha,safety_concerns,True,2
SRV-0423,Ogun,rural,65+,male,visual,pcm,information_gap,False,4
SRV-0424,Sokoto,rural,50-64,undisclosed,none,yo,no_braille_or_large_print,True,5
SRV-0425,Benue,rural,18-24,female,none,en,distance,False,2
SRV-0426,Benue,urban,50-64,undisclosed,none,yo,physical_access,False,1
SRV-0427,Osun,rural,25-34,female,none,yo,language,True,2
SRV-0428,Rivers,rural,65+,male,mobility,en,none,False,1
SRV-0429,Adamawa,urban,35-49,female,hearing,pcm,no_id_documents,True,5
SRV-0430,Bauchi,urban,18-24,undisclosed,none,other,distance,True,3
SRV-0431,Niger,urban,35-49,female,none,ig,no_braille_or_large_print,False,4
SRV-0432,Niger,rural,18-24,undisclosed,none,ig,distance,False,2
SRV-0433,Osun,rural,18-24,male,mobility,ig,no_id_documents,True,5
SRV-0434,Osun,urban,25-34,female,visual,pcm,none,False,5
SRV-0435,Sokoto,urban,18-24,female,mobility,en,information_gap,True,5
SRV-0436,Oyo,rural,50-64,male,mobility,en,none,True,3
SRV-0437,Anambra,urban,35-49,male,none,other,none,False,3
SRV-0438,Plateau,rural,50-64,male,visual,ig,safety_concerns,True,3
SRV-0439,Enugu,urban,65+,male,none,pcm,safety_concerns,True,5
SRV-0440,Anambra,rural,18-24,female,hearing,en,no_braille_or_large_print,False,2
SRV-0441,Adamawa,rural,35-49,undisclosed,hearing,pcm,physical_access,True,1
SRV-0442,Oyo,rural,50-64,undisclosed,none,yo,no_id_documents,False,2
SRV-0443,Kano,urban,50-64,female,mobility,ha,no_braille_or_large_print,True,2
SRV-0444,Borno,urban,18-24,female,none,pcm,distance,True,5
SRV-0445,Kwara,rural,18-24,female,visual,en,information_gap,False,3
SRV-0446,Anambra,urban,50-64,female,none,pcm,none,False,2
SRV-0447,Kwara,rural,35-49,female,none,ig,information_gap,False,5
SRV-0448,Rivers,rural,25-34,male,visual,ha,safety_concerns,False,4
SRV-0449,Osun,urban,50-64,undisclosed,none,pcm,language,True,2
SRV-0450,Enugu,urban,35-49,undisclosed,cognitive,yo,no_braille_or_large_print,True,5
SRV-0451,Rivers,rural,50-64,female,none,en,language,False,4
SRV-0452,Adamawa,urban,25-34,undisclosed,hearing,ha,none,False,3
SRV-0453,Lagos,rural,35-49,male,none,ha,none,True,4
SRV-0454,Anambra,rural,18-24,female,none,yo,distance,False,5
SRV-0455,Kaduna,urban,50-64,undisclosed,none,en,physical_access,True,1
SRV-0456,Imo,urban,65+,male,none,pcm,no_braille_or_large_print,True,5
SRV-0457,Bauchi,rural,65+,undisclosed,none,en,language,False,5
SRV-0458,Kaduna,urban,35-49,male,none,ig,information_gap,True,1
SRV-0459,Rivers,rural,65+,female,none,en,no_braille_or_large_print,False,3
SRV-0460,Rivers,rural,65+,male,multiple,en,safety_concerns,False,5
SRV-0461,Benue,rural,18-24,male,hearing,en,language,True,2
SRV-0462,Ogun,rural,65+,undisclosed,hearing,ig,no_id_documents,True,3
SRV-0463,Oyo,urban,25-34,undisclosed,none,yo,no_id_documents,True,3
SRV-0464,Bauchi,rural,25-34,female,none,yo,language,False,5
SRV-0465,Lagos,urban,50-64,undisclosed,none,yo,no_id_documents,True,2
SRV-0466,Osun,rural,65+,male,mobility,pcm,no_braille_or_large_print,False,5
SRV-0467,Rivers,rural,50-64,male,visual,yo,safety_concerns,False,4
SRV-0468,Anambra,rural,35-49,male,cognitive,en,safety_concerns,True,4
SRV-0469,Plateau,rural,35-49,male,none,ig,distance,False,2
SRV-0470,Osun,urban,18-24,male,none,ig,no_braille_or_large_print,False,1
SRV-0471,Rivers,rural,50-64,female,visual,ha,distance,True,3
SRV-0472,Anambra,rural,35-49,female,hearing,pcm,distance,True,2
SRV-0473,Kwara,rural,65+,male,none,pcm,none,True,3
SRV-0474,Cross River,urban,18-24,undisclosed,none,pcm,no_id_documents,False,2
SRV-0475,Ogun,urban,50-64,undisclosed,none,yo,distance,True,5
SRV-0476,Oyo,urban,35-49,undisclosed,none,other,no_id_documents,True,2
SRV-0477,Lagos,rural,35-49,male,hearing,yo,information_gap,False,4
SRV-0478,Enugu,urban,50-64,undisclosed,none,en,none,True,5
SRV-0479,Imo,urban,65+,undisclosed,none,yo,safety_concerns,True,2
SRV-0480,Cross River,rural,18-24,undisclosed,none,yo,language,False,2
SRV-0481,Imo,urban,35-49,female,none,ha,none,True,2
SRV-0482,Imo,rural,50-64,undisclosed,visual,pcm,none,True,2
SRV-0483,Benue,urban,35-49,male,none,yo,physical_access,True,3
SRV-0484,Sokoto,rural,35-49,undisclosed,none,ig,distance,False,4
SRV-0485,Adamawa,urban,50-64,male,none,ig,no_id_documents,False,1
SRV-0486,Adamawa,rural,50-64,undisclosed,none,other,safety_concerns,True,4
SRV-0487,Lagos,rural,50-64,undisclosed,none,pcm,none,True,1
SRV-0488,Delta,urban,35-49,female,none,yo,distance,True,3
SRV-0489,Delta,rural,50-64,female,none,en,language,True,4
SRV-0490,Niger,urban,25-34,female,none,ig,physical_access,True,3
SRV-0491,Kaduna,urban,18-24,undisclosed,none,ha,distance,True,3
SRV-0492,Rivers,urban,65+,undisclosed,none,ha,distance,False,4
SRV-0493,Borno,urban,50-64,male,none,pcm,no_id_documents,True,3
SRV-0494,Plateau,urban,50-64,male,visual,ig,none,False,2
SRV-0495,Imo,rural,65+,male,none,ha,physical_access,False,1
SRV-0496,Osun,urban,25-34,male,none,pcm,none,True,4
SRV-0497,Adamawa,urban,50-64,undisclosed,none,en,physical_access,True,2
SRV-0498,Delta,urban,35-49,male,none,pcm,no_braille_or_large_print,True,2
SRV-0499,Kano,rural,25-34,female,mobility,ha,no_braille_or_large_print,True,4
SRV-0500,Delta,rural,18-24,female,none,pcm,no_id_documents,False,3
