pu_id,lga,distance_km,settlement,vehicle,dispatch_hour,transit_hours,materials_complete
SIM-00573,Imo LGA-3,17.9,urban,truck,6,0.87,True
SIM-00654,Delta LGA-2,8.0,urban,bus,9,1.7,True
SIM-00534,Anambra LGA-3,33.8,rural,boat,7,2.98,True
SIM-00059,Kwara LGA-1,88.0,rural,bus,9,4.52,True
SIM-00673,Delta LGA-3,15.9,urban,boat,9,0.91,True
SIM-00829,Ogun LGA-2,81.5,rural,boat,8,4.44,True
SIM-00370,Kaduna LGA-1,71.5,rural,motorcycle,6,6.44,True
SIM-00213,Bauchi LGA-3,11.3,urban,motorcycle,7,2.87,False
SIM-00009,Benue LGA-1,54.2,rural,bus,4,3.88,True
SIM-00377,Kaduna LGA-2,64.9,rural,truck,6,3.99,True
SIM-00782,Oyo LGA-2,8.0,urban,motorcycle,6,1.51,False
SIM-00674,Delta LGA-3,22.7,urban,bus,9,1.4,True
SIM-00208,Bauchi LGA-2,42.0,rural,boat,8,5.57,True
SIM-00897,Osun LGA-3,51.2,rural,boat,7,3.18,True
SIM-00150,Niger LGA-1,23.4,urban,boat,4,1.74,True
SIM-00603,Rivers LGA-2,54.8,rural,bus,4,3.71,True
SIM-00721,Lagos LGA-1,44.4,rural,bus,5,3.92,True
SIM-00833,Ogun LGA-2,17.6,rural,truck,4,3.67,True
SIM-00533,Anambra LGA-3,30.2,rural,truck,8,2.42,True
SIM-00165,Niger LGA-2,10.1,urban,bus,6,0.66,True
SIM-00557,Imo LGA-2,86.7,rural,truck,8,4.89,True
SIM-00440,Sokoto LGA-3,48.9,rural,motorcycle,9,5.32,True
SIM-00810,Oyo LGA-3,19.8,rural,boat,5,2.97,True
SIM-00399,Kaduna LGA-3,11.3,urban,truck,4,0.57,True
SIM-00167,Niger LGA-3,14.9,rural,bus,9,2.7,True
SIM-00761,Lagos LGA-3,27.3,rural,motorcycle,4,2.93,True
SIM-00196,Bauchi LGA-2,45.2,rural,truck,9,3.62,True
SIM-00154,Niger LGA-2,8.1,urban,boat,4,1.32,True
SIM-00704,Cross River LGA-2,79.1,rural,motorcycle,8,6.32,True
SIM-00845,Ogun LGA-3,19.1,rural,motorcycle,5,2.87,False
SIM-00359,Kano LGA-3,22.5,urban,bus,4,0.79,True
SIM-00333,Kano LGA-2,60.8,rural,motorcycle,8,3.54,True
SIM-00710,Cross River LGA-3,8.5,urban,boat,9,0.76,True
SIM-00405,Kaduna LGA-3,40.3,rural,truck,6,2.7,True
SIM-00849,Ogun LGA-3,8.6,urban,bus,4,0.87,True
SIM-00236,Borno LGA-1,10.0,urban,boat,8,0.71,True
SIM-00678,Cross River LGA-1,15.1,urban,bus,8,1.36,True
SIM-00118,Plateau LGA-2,9.6,urban,boat,9,0.3,True
SIM-00514,Anambra LGA-2,39.3,rural,boat,8,5.03,True
SIM-00601,Rivers LGA-2,30.8,rural,truck,9,4.53,True
SIM-00392,Kaduna LGA-3,24.8,urban,bus,9,0.95,True
SIM-00397,Kaduna LGA-3,22.4,urban,bus,8,1.32,True
SIM-00741,Lagos LGA-2,45.2,rural,boat,5,4.71,True
SIM-00504,Anambra LGA-1,10.2,urban,motorcycle,8,0.83,True
SIM-00751,Lagos LGA-3,67.1,rural,boat,6,5.32,True
SIM-00699,Cross River LGA-2,13.4,urban,truck,6,0.91,True
SIM-00816,Ogun LGA-1,88.2,rural,truck,4,7.76,True
SIM-00344,Kano LGA-2,12.8,urban,bus,7,1.38,True
SIM-00138,Niger LGA-1,46.7,rural,truck,4,4.42,False
SIM-00260,Borno LGA-3,21.8,urban,bus,9,0.79,True
SIM-00801,Oyo LGA-3,37.4,rural,bus,8,4.27,True
SIM-00121,Plateau LGA-3,11.4,rural,boat,7,3.2,True
SIM-00726,Lagos LGA-1,22.0,urban,truck,4,0.71,True
SIM-00542,Imo LGA-1,7.0,urban,truck,6,0.56,True
SIM-00386,Kaduna LGA-2,5.4,urban,bus,4,0.22,True
SIM-00316,Kano LGA-1,11.1,urban,bus,9,0.44,True
SIM-00705,Cross River LGA-2,9.5,urban,motorcycle,9,0.56,True
SIM-00336,Kano LGA-2,3.5,urban,motorcycle,7,0.99,True
SIM-00796,Oyo LGA-3,11.0,rural,motorcycle,7,3.43,True
SIM-00444,Sokoto LGA-3,5.8,urban,motorcycle,7,0.94,True
SIM-00799,Oyo LGA-3,2.3,urban,motorcycle,9,1.04,True
SIM-00309,Adamawa LGA-3,18.0,urban,motorcycle,5,0.68,True
SIM-00813,Ogun LGA-1,29.2,rural,boat,7,3.28,True
SIM-00406,Sokoto LGA-1,25.3,rural,bus,6,3.7,True
SIM-00398,Kaduna LGA-3,8.3,urban,boat,7,0.53,False
SIM-00341,Kano LGA-2,20.7,urban,bus,6,1.47,True
SIM-00763,Lagos LGA-3,4.9,urban,bus,6,0.27,True
SIM-00456,Enugu LGA-1,3.5,urban,boat,5,0.11,True
SIM-00730,Lagos LGA-1,14.1,urban,motorcycle,6,1.08,True
SIM-00436,Sokoto LGA-3,22.9,rural,motorcycle,7,2.92,True
SIM-00301,Adamawa LGA-3,44.2,rural,motorcycle,8,3.51,False
SIM-00240,Borno LGA-1,8.3,rural,truck,6,2.9,True
SIM-00239,Borno LGA-1,1.7,urban,bus,8,0.22,True
SIM-00585,Imo LGA-3,42.2,rural,boat,8,4.14,True
SIM-00770,Oyo LGA-1,8.8,rural,motorcycle,9,2.47,True
SIM-00846,Ogun LGA-3,23.8,urban,truck,8,2.34,True
SIM-00766,Oyo LGA-1,7.9,urban,motorcycle,8,0.53,True
SIM-00364,Kaduna LGA-1,35.4,rural,truck,7,2.82,True
SIM-00075,Kwara LGA-2,88.0,rural,boat,5,5.21,False
SIM-00340,Kano LGA-2,23.5,urban,bus,8,0.8,True
SIM-00756,Lagos LGA-3,11.5,urban,boat,8,0.53,True
SIM-00362,Kaduna LGA-1,20.9,urban,boat,5,0.94,True
SIM-00630,Rivers LGA-3,8.7,urban,bus,8,0.96,True
SIM-00319,Kano LGA-1,16.2,urban,boat,6,0.55,True
SIM-00684,Cross River LGA-1,18.5,urban,bus,8,2.78,True
SIM-00288,Adamawa LGA-2,42.2,rural,motorcycle,6,3.92,True
SIM-00872,Osun LGA-2,7.3,urban,bus,5,1.84,True
SIM-00882,Osun LGA-2,68.0,rural,motorcycle,4,6.07,True
SIM-00238,Borno LGA-1,14.4,rural,truck,4,2.91,True
SIM-00597,Rivers LGA-1,14.4,urban,bus,5,0.88,True
SIM-00798,Oyo LGA-3,59.2,rural,boat,4,2.89,True
SIM-00496,Anambra LGA-1,17.0,rural,motorcycle,8,3.71,True
SIM-00393,Kaduna LGA-3,20.3,urban,truck,7,1.99,True
SIM-00762,Lagos LGA-3,13.1,urban,boat,5,0.64,True
SIM-00126,Plateau LGA-3,6.8,urban,boat,5,1.15,True
SIM-00018,Benue LGA-2,45.1,rural,motorcycle,8,5.57,True
SIM-00189,Bauchi LGA-1,1.1,urban,bus,8,0.07,True
SIM-00368,Kaduna LGA-1,89.9,rural,motorcycle,7,5.56,True
SIM-00307,Adamawa LGA-3,22.0,rural,motorcycle,8,3.21,True
SIM-00187,Bauchi LGA-1,2.1,urban,motorcycle,7,3.12,True
SIM-00647,Delta LGA-2,21.2,urban,boat,9,0.94,True
SIM-00737,Lagos LGA-2,1.7,urban,truck,4,0.76,True
SIM-00286,Adamawa LGA-2,17.0,rural,boat,5,3.39,True
SIM-00862,Osun LGA-1,20.5,urban,truck,4,1.51,True
SIM-00538,Anambra LGA-3,11.3,urban,boat,4,0.51,True
SIM-00526,Anambra LGA-3,81.3,rural,bus,5,3.87,True
SIM-00768,Oyo LGA-1,20.3,urban,truck,7,3.32,True
SIM-00835,Ogun LGA-2,15.8,urban,boat,4,0.69,True
SIM-00519,Anambra LGA-2,54.1,rural,motorcycle,6,3.94,True
SIM-00315,Adamawa LGA-3,67.8,rural,bus,6,5.61,False
SIM-00735,Lagos LGA-1,10.0,rural,bus,5,2.36,True
SIM-00037,Benue LGA-3,80.0,rural,truck,4,5.75,True
SIM-00221,Bauchi LGA-3,10.5,urban,truck,4,0.72,True
SIM-00480,Enugu LGA-2,55.1,rural,motorcycle,4,5.7,True
SIM-00787,Oyo LGA-2,18.1,urban,boat,4,1.74,True
SIM-00489,Enugu LGA-3,11.7,urban,boat,5,0.83,True
SIM-00560,Imo LGA-2,8.7,urban,motorcycle,9,1.53,True
SIM-00693,Cross River LGA-2,10.6,urban,motorcycle,5,0.27,True
SIM-00885,Osun LGA-2,12.0,urban,truck,7,1.16,True
SIM-00190,Bauchi LGA-1,21.9,urban,truck,7,1.26,True
SIM-00411,Sokoto LGA-1,18.4,urban,boat,9,0.53,True
SIM-00282,Adamawa LGA-1,40.9,rural,bus,5,4.64,True
SIM-00844,Ogun LGA-3,43.5,rural,bus,5,4.45,False
SIM-00544,Imo LGA-1,15.9,urban,boat,4,1.25,True
SIM-00205,Bauchi LGA-2,20.2,urban,bus,6,1.33,True
SIM-00159,Niger LGA-2,13.2,urban,motorcycle,8,2.27,True
SIM-00225,Bauchi LGA-3,11.9,urban,bus,7,0.54,True
SIM-00090,Kwara LGA-3,13.5,urban,bus,6,0.47,True
SIM-00847,Ogun LGA-3,39.2,rural,truck,9,3.59,True
SIM-00535,Anambra LGA-3,60.5,rural,bus,9,4.52,True
SIM-00447,Sokoto LGA-3,17.9,urban,truck,8,1.21,True
SIM-00343,Kano LGA-2,48.5,rural,boat,8,4.69,True
SIM-00026,Benue LGA-2,74.2,rural,truck,8,6.61,True
SIM-00298,Adamawa LGA-2,12.2,urban,bus,8,1.63,True
SIM-00653,Delta LGA-2,17.1,urban,motorcycle,4,1.08,True
SIM-00303,Adamawa LGA-3,18.4,rural,boat,8,2.18,True
SIM-00789,Oyo LGA-2,3.3,urban,bus,4,0.48,True
SIM-00591,Rivers LGA-1,28.8,rural,bus,9,2.56,True
SIM-00365,Kaduna LGA-1,39.3,rural,boat,8,2.8,True
SIM-00032,Benue LGA-3,63.6,rural,truck,9,3.9,True
SIM-00438,Sokoto LGA-3,17.6,urban,motorcycle,8,0.74,True
SIM-00384,Kaduna LGA-2,3.7,urban,truck,9,0.55,True
SIM-00825,Ogun LGA-1,25.4,rural,truck,5,2.87,True
SIM-00131,Plateau LGA-3,2.8,urban,motorcycle,6,0.15,True
SIM-00443,Sokoto LGA-3,13.5,rural,motorcycle,8,2.58,True
SIM-00064,Kwara LGA-2,51.7,rural,boat,9,4.74,True
SIM-00108,Plateau LGA-2,11.3,rural,bus,5,1.91,True
SIM-00757,Lagos LGA-3,46.5,rural,bus,5,4.64,True
SIM-00811,Ogun LGA-1,6.7,urban,bus,5,0.49,True
SIM-00528,Anambra LGA-3,24.4,urban,truck,5,1.71,True
SIM-00123,Plateau LGA-3,10.2,rural,bus,8,4.66,True
SIM-00631,Delta LGA-1,10.1,urban,bus,4,1.49,False
SIM-00854,Ogun LGA-3,26.0,rural,motorcycle,9,5.61,True
SIM-00853,Ogun LGA-3,38.6,rural,motorcycle,9,3.28,True
SIM-00115,Plateau LGA-2,24.2,urban,boat,9,0.72,True
SIM-00571,Imo LGA-3,16.5,urban,bus,9,0.9,True
SIM-00185,Bauchi LGA-1,19.1,urban,truck,9,1.68,True
SIM-00242,Borno LGA-2,83.0,rural,boat,9,3.82,True
SIM-00448,Sokoto LGA-3,72.4,rural,truck,6,3.31,False
SIM-00780,Oyo LGA-1,67.3,rural,motorcycle,5,4.13,True
SIM-00718,Cross River LGA-3,9.0,rural,bus,7,1.83,True
SIM-00378,Kaduna LGA-2,22.0,urban,truck,8,1.34,False
SIM-00861,Osun LGA-1,11.8,urban,truck,7,1.67,True
SIM-00491,Enugu LGA-3,14.9,urban,bus,5,1.27,True
SIM-00803,Oyo LGA-3,84.6,rural,bus,5,5.79,True
SIM-00431,Sokoto LGA-2,80.6,rural,bus,4,6.7,True
SIM-00701,Cross River LGA-2,76.1,rural,boat,7,4.14,True
SIM-00695,Cross River LGA-2,60.7,rural,truck,6,4.62,True
SIM-00417,Sokoto LGA-1,84.6,rural,bus,7,3.96,True
SIM-00783,Oyo LGA-2,14.6,urban,bus,8,2.43,True
SIM-00413,Sokoto LGA-1,22.4,rural,boat,7,2.96,True
SIM-00171,Niger LGA-3,56.7,rural,motorcycle,4,4.6,True
SIM-00179,Niger LGA-3,33.5,rural,motorcycle,5,2.89,True
SIM-00055,Kwara LGA-1,52.4,rural,motorcycle,5,3.18,True
SIM-00685,Cross River LGA-1,18.6,urban,boat,6,1.05,True
SIM-00024,Benue LGA-2,57.0,rural,boat,5,4.28,True
SIM-00821,Ogun LGA-1,2.2,urban,bus,9,0.35,True
SIM-00352,Kano LGA-3,17.7,urban,truck,4,1.02,True
SIM-00884,Osun LGA-2,19.4,urban,truck,9,1.52,True
SIM-00144,Niger LGA-1,64.9,rural,truck,7,5.08,True
SIM-00164,Niger LGA-2,51.1,rural,bus,8,4.36,True
SIM-00043,Benue LGA-3,21.2,rural,motorcycle,9,2.21,True
SIM-00778,Oyo LGA-1,2.9,urban,truck,7,1.73,True
SIM-00593,Rivers LGA-1,77.5,rural,truck,5,6.19,False
SIM-00010,Benue LGA-1,18.6,rural,motorcycle,7,2.55,False
SIM-00477,Enugu LGA-2,1.3,urban,truck,6,0.21,True
SIM-00473,Enugu LGA-2,1.6,urban,boat,9,1.05,True
SIM-00418,Sokoto LGA-1,32.9,rural,motorcycle,5,4.6,False
SIM-00727,Lagos LGA-1,59.0,rural,bus,6,5.04,True
SIM-00072,Kwara LGA-2,7.0,urban,bus,7,0.58,True
SIM-00013,Benue LGA-1,52.9,rural,boat,5,4.29,True
SIM-00155,Niger LGA-2,3.4,urban,boat,7,1.49,True
SIM-00500,Anambra LGA-1,23.7,rural,motorcycle,9,2.39,True
SIM-00212,Bauchi LGA-3,15.8,urban,truck,9,2.06,True
SIM-00488,Enugu LGA-3,25.6,rural,truck,9,4.02,True
SIM-00192,Bauchi LGA-1,2.6,urban,truck,6,1.32,True
SIM-00019,Benue LGA-2,29.9,rural,bus,4,2.28,True
SIM-00142,Niger LGA-1,16.5,urban,motorcycle,8,0.43,True
SIM-00612,Rivers LGA-2,75.1,rural,boat,8,6.1,False
SIM-00143,Niger LGA-1,24.5,urban,motorcycle,8,1.6,True
SIM-00439,Sokoto LGA-3,15.7,urban,boat,6,2.45,True
SIM-00292,Adamawa LGA-2,80.6,rural,bus,6,4.39,True
SIM-00867,Osun LGA-1,32.2,rural,boat,7,6.73,True
SIM-00708,Cross River LGA-3,54.0,rural,truck,5,3.1,True
SIM-00656,Delta LGA-2,33.9,rural,truck,4,3.0,False
SIM-00638,Delta LGA-1,13.3,rural,boat,4,2.21,True
SIM-00266,Borno LGA-3,24.5,rural,boat,8,2.49,True
SIM-00025,Benue LGA-2,72.2,rural,motorcycle,5,4.57,True
SIM-00345,Kano LGA-2,69.3,rural,bus,5,6.36,True
SIM-00887,Osun LGA-3,1.9,urban,truck,5,1.82,True
SIM-00269,Borno LGA-3,6.7,urban,motorcycle,8,0.66,True
SIM-00081,Kwara LGA-3,14.5,urban,boat,9,0.72,True
SIM-00800,Oyo LGA-3,58.8,rural,truck,4,5.01,True
SIM-00031,Benue LGA-3,52.7,rural,motorcycle,7,4.64,True
SIM-00493,Enugu LGA-3,13.7,urban,bus,7,0.8,True
SIM-00760,Lagos LGA-3,33.1,rural,boat,7,4.25,True
SIM-00583,Imo LGA-3,19.8,urban,bus,6,2.23,False
SIM-00459,Enugu LGA-1,19.8,rural,motorcycle,8,5.02,True
SIM-00682,Cross River LGA-1,22.7,rural,bus,9,2.88,False
SIM-00088,Kwara LGA-3,53.6,rural,boat,7,3.74,True
SIM-00070,Kwara LGA-2,52.2,rural,truck,5,3.0,True
SIM-00003,Benue LGA-1,31.6,rural,truck,5,2.41,True
SIM-00599,Rivers LGA-1,33.3,rural,motorcycle,6,3.33,False
SIM-00687,Cross River LGA-1,19.6,urban,truck,6,0.79,True
SIM-00595,Rivers LGA-1,84.0,rural,bus,9,3.97,True
SIM-00691,Cross River LGA-2,23.9,urban,motorcycle,4,1.15,True
SIM-00248,Borno LGA-2,9.9,rural,truck,7,6.61,True
SIM-00873,Osun LGA-2,84.2,rural,truck,6,6.03,True
SIM-00463,Enugu LGA-1,31.3,rural,motorcycle,8,3.92,True
SIM-00380,Kaduna LGA-2,9.7,urban,boat,4,1.14,False
SIM-00670,Delta LGA-3,36.6,rural,motorcycle,8,3.08,True
SIM-00677,Cross River LGA-1,2.6,urban,motorcycle,5,0.12,True
SIM-00643,Delta LGA-1,37.9,rural,bus,6,4.04,True
SIM-00290,Adamawa LGA-2,18.4,urban,boat,4,1.6,True
SIM-00747,Lagos LGA-2,63.9,rural,boat,5,4.32,True
SIM-00040,Benue LGA-3,32.2,rural,motorcycle,9,2.4,True
SIM-00141,Niger LGA-1,5.1,urban,boat,4,1.87,True
SIM-00388,Kaduna LGA-2,11.7,urban,bus,6,1.39,True
SIM-00203,Bauchi LGA-2,17.8,rural,boat,4,2.7,True
SIM-00606,Rivers LGA-2,7.3,urban,motorcycle,7,2.3,True
SIM-00011,Benue LGA-1,12.3,urban,motorcycle,5,0.94,True
SIM-00492,Enugu LGA-3,1.9,urban,boat,5,0.29,True
SIM-00317,Kano LGA-1,82.5,rural,bus,6,4.73,True
SIM-00541,Imo LGA-1,24.6,urban,truck,8,2.37,True
SIM-00746,Lagos LGA-2,19.1,rural,motorcycle,5,2.47,False
SIM-00497,Anambra LGA-1,10.8,urban,boat,5,0.77,True
SIM-00472,Enugu LGA-2,45.7,rural,motorcycle,7,2.93,True
SIM-00330,Kano LGA-1,42.0,rural,bus,4,3.62,True
SIM-00371,Kaduna LGA-1,24.3,urban,truck,9,2.35,True
SIM-00594,Rivers LGA-1,3.4,urban,motorcycle,7,3.01,True
SIM-00516,Anambra LGA-2,19.8,rural,motorcycle,9,3.16,True
SIM-00530,Anambra LGA-3,30.2,rural,boat,6,3.95,True
SIM-00826,Ogun LGA-2,70.8,rural,bus,4,3.59,True
SIM-00258,Borno LGA-3,13.5,urban,motorcycle,6,2.34,True
SIM-00314,Adamawa LGA-3,7.2,urban,bus,6,0.8,True
SIM-00696,Cross River LGA-2,46.4,rural,truck,5,3.65,True
SIM-00692,Cross River LGA-2,68.3,rural,truck,6,6.6,True
SIM-00243,Borno LGA-2,19.8,urban,truck,6,0.85,True
SIM-00446,Sokoto LGA-3,8.8,rural,motorcycle,9,2.8,True
SIM-00281,Adamawa LGA-1,15.7,urban,bus,4,1.15,True
SIM-00475,Enugu LGA-2,6.4,urban,bus,7,0.57,True
SIM-00754,Lagos LGA-3,16.3,urban,boat,8,1.77,True
SIM-00329,Kano LGA-1,25.8,rural,bus,9,3.3,False
SIM-00271,Adamawa LGA-1,3.6,urban,truck,9,0.18,True
SIM-00209,Bauchi LGA-2,76.3,rural,boat,8,4.11,True
SIM-00774,Oyo LGA-1,39.5,rural,truck,4,2.69,True
SIM-00030,Benue LGA-2,66.3,rural,truck,6,8.38,True
SIM-00688,Cross River LGA-1,11.7,urban,bus,7,0.56,True
SIM-00460,Enugu LGA-1,12.7,urban,truck,5,1.01,True
SIM-00478,Enugu LGA-2,68.3,rural,bus,4,6.5,False
SIM-00669,Delta LGA-3,18.7,urban,motorcycle,7,1.71,True
SIM-00613,Rivers LGA-2,13.8,urban,bus,5,0.82,True
SIM-00262,Borno LGA-3,49.9,rural,truck,7,4.61,True
SIM-00162,Niger LGA-2,59.6,rural,bus,7,3.27,False
SIM-00197,Bauchi LGA-2,31.6,rural,motorcycle,4,4.33,True
SIM-00250,Borno LGA-2,72.5,rural,boat,8,3.64,True
SIM-00206,Bauchi LGA-2,12.4,urban,boat,4,0.73,True
SIM-00495,Enugu LGA-3,63.0,rural,bus,4,4.17,True
SIM-00640,Delta LGA-1,80.2,rural,truck,4,5.26,True
SIM-00471,Enugu LGA-2,32.1,rural,motorcycle,7,2.78,True
SIM-00505,Anambra LGA-1,14.3,rural,truck,6,2.9,True
SIM-00850,Ogun LGA-3,34.1,rural,boat,4,3.81,True
SIM-00722,Lagos LGA-1,89.6,rural,boat,4,8.03,True
SIM-00042,Benue LGA-3,16.1,urban,motorcycle,7,0.77,True
SIM-00568,Imo LGA-2,22.4,urban,truck,7,1.44,True
SIM-00712,Cross River LGA-3,10.5,urban,motorcycle,9,1.54,True
SIM-00633,Delta LGA-1,79.5,rural,bus,4,5.52,True
SIM-00176,Niger LGA-3,8.9,rural,boat,7,2.57,True
SIM-00110,Plateau LGA-2,11.1,urban,bus,4,1.4,True
SIM-00083,Kwara LGA-3,22.8,urban,truck,7,1.46,True
SIM-00119,Plateau LGA-2,19.1,urban,motorcycle,6,2.91,True
SIM-00451,Enugu LGA-1,6.0,urban,bus,6,1.31,True
SIM-00204,Bauchi LGA-2,9.6,urban,bus,7,0.39,False
SIM-00645,Delta LGA-1,12.7,urban,boat,7,2.3,False
SIM-00837,Ogun LGA-2,2.1,urban,bus,9,1.67,True
SIM-00056,Kwara LGA-1,5.3,urban,motorcycle,5,0.68,True
SIM-00494,Enugu LGA-3,21.6,urban,motorcycle,4,3.54,True
SIM-00467,Enugu LGA-2,29.6,rural,bus,7,2.76,True
SIM-00220,Bauchi LGA-3,8.4,urban,motorcycle,7,1.08,True
SIM-00524,Anambra LGA-2,8.9,urban,boat,8,4.04,True
