pu_id,zone,state,lga,ward,settlement,registered_voters,accessible_venue,has_grid_power,network_coverage,distance_to_lga_hq_km
SIM-00001,North Central,Benue,Benue LGA-1,Benue L1-W1,urban,1279,False,True,none,22.2
SIM-00002,North Central,Benue,Benue LGA-1,Benue L1-W1,rural,1389,False,False,none,71.7
SIM-00003,North Central,Benue,Benue LGA-1,Benue L1-W1,rural,1451,False,True,4G,31.6
SIM-00004,North Central,Benue,Benue LGA-1,Benue L1-W1,urban,273,False,True,3G,6.0
SIM-00005,North Central,Benue,Benue LGA-1,Benue L1-W1,urban,980,False,False,3G,2.8
SIM-00006,North Central,Benue,Benue LGA-1,Benue L1-W2,urban,1391,True,True,4G,16.5
SIM-00007,North Central,Benue,Benue LGA-1,Benue L1-W2,rural,882,True,False,3G,42.6
SIM-00008,North Central,Benue,Benue LGA-1,Benue L1-W2,urban,1449,False,False,4G,20.3
SIM-00009,North Central,Benue,Benue LGA-1,Benue L1-W2,rural,1255,False,False,none,54.2
SIM-00010,North Central,Benue,Benue LGA-1,Benue L1-W2,rural,1300,False,True,3G,18.6
SIM-00011,North Central,Benue,Benue LGA-1,Benue L1-W3,urban,1321,False,True,3G,12.3
SIM-00012,North Central,Benue,Benue LGA-1,Benue L1-W3,rural,718,False,True,2G,63.3
SIM-00013,North Central,Benue,Benue LGA-1,Benue L1-W3,rural,1367,True,False,none,52.9
SIM-00014,North Central,Benue,Benue LGA-1,Benue L1-W3,rural,1230,False,False,3G,76.2
SIM-00015,North Central,Benue,Benue LGA-1,Benue L1-W3,urban,556,False,True,4G,13.5
SIM-00016,North Central,Benue,Benue LGA-2,Benue L2-W1,rural,659,True,False,2G,75.7
SIM-00017,North Central,Benue,Benue LGA-2,Benue L2-W1,rural,1392,False,True,3G,45.5
SIM-00018,North Central,Benue,Benue LGA-2,Benue L2-W1,rural,1147,False,False,2G,45.1
SIM-00019,North Central,Benue,Benue LGA-2,Benue L2-W1,rural,1121,False,False,4G,29.9
SIM-00020,North Central,Benue,Benue LGA-2,Benue L2-W1,rural,447,True,False,4G,83.2
SIM-00021,North Central,Benue,Benue LGA-2,Benue L2-W2,urban,1174,False,False,4G,20.1
SIM-00022,North Central,Benue,Benue LGA-2,Benue L2-W2,urban,341,False,False,3G,16.2
SIM-00023,North Central,Benue,Benue LGA-2,Benue L2-W2,urban,891,False,True,none,21.7
SIM-00024,North Central,Benue,Benue LGA-2,Benue L2-W2,rural,526,False,False,4G,57.0
SIM-00025,North Central,Benue,Benue LGA-2,Benue L2-W2,rural,845,True,False,none,72.2
SIM-00026,North Central,Benue,Benue LGA-2,Benue L2-W3,rural,876,False,False,4G,74.2
SIM-00027,North Central,Benue,Benue LGA-2,Benue L2-W3,urban,467,True,True,2G,16.5
SIM-00028,North Central,Benue,Benue LGA-2,Benue L2-W3,rural,302,True,False,2G,44.9
SIM-00029,North Central,Benue,Benue LGA-2,Benue L2-W3,rural,1269,False,False,none,20.6
SIM-00030,North Central,Benue,Benue LGA-2,Benue L2-W3,rural,1138,False,False,3G,66.3
SIM-00031,North Central,Benue,Benue LGA-3,Benue L3-W1,rural,319,True,False,4G,52.7
SIM-00032,North Central,Benue,Benue LGA-3,Benue L3-W1,rural,1175,False,False,2G,63.6
SIM-00033,North Central,Benue,Benue LGA-3,Benue L3-W1,urban,1335,True,False,2G,4.3
SIM-00034,North Central,Benue,Benue LGA-3,Benue L3-W1,rural,630,False,False,3G,14.5
SIM-00035,North Central,Benue,Benue LGA-3,Benue L3-W1,urban,954,True,True,none,20.6
SIM-00036,North Central,Benue,Benue LGA-3,Benue L3-W2,urban,612,True,True,4G,20.1
SIM-00037,North Central,Benue,Benue LGA-3,Benue L3-W2,rural,443,False,True,none,80.0
SIM-00038,North Central,Benue,Benue LGA-3,Benue L3-W2,rural,1085,False,False,none,23.0
SIM-00039,North Central,Benue,Benue LGA-3,Benue L3-W2,urban,571,True,True,2G,6.2
SIM-00040,North Central,Benue,Benue LGA-3,Benue L3-W2,rural,824,False,False,3G,32.2
SIM-00041,North Central,Benue,Benue LGA-3,Benue L3-W3,urban,1388,True,True,4G,11.5
SIM-00042,North Central,Benue,Benue LGA-3,Benue L3-W3,urban,373,False,True,4G,16.1
SIM-00043,North Central,Benue,Benue LGA-3,Benue L3-W3,rural,816,False,True,none,21.2
SIM-00044,North Central,Benue,Benue LGA-3,Benue L3-W3,urban,278,True,False,2G,10.9
SIM-00045,North Central,Benue,Benue LGA-3,Benue L3-W3,urban,447,True,True,4G,14.5
SIM-00046,North Central,Kwara,Kwara LGA-1,Kwara L1-W1,rural,967,False,False,2G,66.6
SIM-00047,North Central,Kwara,Kwara LGA-1,Kwara L1-W1,urban,1077,True,True,4G,24.5
SIM-00048,North Central,Kwara,Kwara LGA-1,Kwara L1-W1,rural,1016,False,False,none,39.9
SIM-00049,North Central,Kwara,Kwara LGA-1,Kwara L1-W1,rural,979,True,False,none,31.1
SIM-00050,North Central,Kwara,Kwara LGA-1,Kwara L1-W1,urban,500,True,True,3G,1.5
SIM-00051,North Central,Kwara,Kwara LGA-1,Kwara L1-W2,rural,654,False,False,4G,58.8
SIM-00052,North Central,Kwara,Kwara LGA-1,Kwara L1-W2,urban,507,True,True,none,8.3
SIM-00053,North Central,Kwara,Kwara LGA-1,Kwara L1-W2,urban,508,True,True,4G,11.1
SIM-00054,North Central,Kwara,Kwara LGA-1,Kwara L1-W2,urban,506,True,True,3G,14.0
SIM-00055,North Central,Kwara,Kwara LGA-1,Kwara L1-W2,rural,772,False,True,4G,52.4
SIM-00056,North Central,Kwara,Kwara LGA-1,Kwara L1-W3,urban,894,True,True,4G,5.3
SIM-00057,North Central,Kwara,Kwara LGA-1,Kwara L1-W3,urban,1302,False,True,3G,18.8
SIM-00058,North Central,Kwara,Kwara LGA-1,Kwara L1-W3,urban,273,False,True,4G,6.3
SIM-00059,North Central,Kwara,Kwara LGA-1,Kwara L1-W3,rural,558,False,False,3G,88.0
SIM-00060,North Central,Kwara,Kwara LGA-1,Kwara L1-W3,rural,726,False,True,none,38.7
SIM-00061,North Central,Kwara,Kwara LGA-2,Kwara L2-W1,rural,1187,False,False,none,55.6
SIM-00062,North Central,Kwara,Kwara LGA-2,Kwara L2-W1,urban,1090,True,False,none,20.5
SIM-00063,North Central,Kwara,Kwara LGA-2,Kwara L2-W1,rural,1086,False,False,4G,38.6
SIM-00064,North Central,Kwara,Kwara LGA-2,Kwara L2-W1,rural,532,False,True,none,51.7
SIM-00065,North Central,Kwara,Kwara LGA-2,Kwara L2-W1,rural,1442,False,True,3G,52.2
SIM-00066,North Central,Kwara,Kwara LGA-2,Kwara L2-W2,rural,573,False,True,4G,39.9
SIM-00067,North Central,Kwara,Kwara LGA-2,Kwara L2-W2,rural,885,True,False,none,21.3
SIM-00068,North Central,Kwara,Kwara LGA-2,Kwara L2-W2,urban,1358,True,True,4G,24.4
SIM-00069,North Central,Kwara,Kwara LGA-2,Kwara L2-W2,rural,1490,False,False,3G,71.3
SIM-00070,North Central,Kwara,Kwara LGA-2,Kwara L2-W2,rural,1350,True,False,3G,52.2
SIM-00071,North Central,Kwara,Kwara LGA-2,Kwara L2-W3,urban,488,True,False,3G,1.0
SIM-00072,North Central,Kwara,Kwara LGA-2,Kwara L2-W3,urban,1003,True,True,3G,7.0
SIM-00073,North Central,Kwara,Kwara LGA-2,Kwara L2-W3,urban,918,True,False,3G,10.1
SIM-00074,North Central,Kwara,Kwara LGA-2,Kwara L2-W3,rural,490,False,False,4G,50.6
SIM-00075,North Central,Kwara,Kwara LGA-2,Kwara L2-W3,rural,1183,False,True,4G,88.0
SIM-00076,North Central,Kwara,Kwara LGA-3,Kwara L3-W1,rural,889,True,False,3G,43.5
SIM-00077,North Central,Kwara,Kwara LGA-3,Kwara L3-W1,rural,910,False,False,none,41.1
SIM-00078,North Central,Kwara,Kwara LGA-3,Kwara L3-W1,urban,1198,True,True,4G,19.9
SIM-00079,North Central,Kwara,Kwara LGA-3,Kwara L3-W1,urban,1458,True,True,3G,16.8
SIM-00080,North Central,Kwara,Kwara LGA-3,Kwara L3-W1,urban,798,True,True,4G,21.8
SIM-00081,North Central,Kwara,Kwara LGA-3,Kwara L3-W2,urban,1366,False,True,none,14.5
SIM-00082,North Central,Kwara,Kwara LGA-3,Kwara L3-W2,urban,851,False,True,4G,14.2
SIM-00083,North Central,Kwara,Kwara LGA-3,Kwara L3-W2,urban,1088,True,True,none,22.8
SIM-00084,North Central,Kwara,Kwara LGA-3,Kwara L3-W2,rural,1369,False,False,2G,12.9
SIM-00085,North Central,Kwara,Kwara LGA-3,Kwara L3-W2,urban,604,True,True,4G,9.0
SIM-00086,North Central,Kwara,Kwara LGA-3,Kwara L3-W3,rural,1099,False,False,none,47.6
SIM-00087,North Central,Kwara,Kwara LGA-3,Kwara L3-W3,urban,700,False,True,none,8.8
SIM-00088,North Central,Kwara,Kwara LGA-3,Kwara L3-W3,rural,1186,False,False,3G,53.6
SIM-00089,North Central,Kwara,Kwara LGA-3,Kwara L3-W3,urban,273,False,True,none,23.6
SIM-00090,North Central,Kwara,Kwara LGA-3,Kwara L3-W3,urban,599,False,True,4G,13.5
SIM-00091,North Central,Plateau,Plateau LGA-1,Plateau L1-W1,rural,522,True,True,3G,23.2
SIM-00092,North Central,Plateau,Plateau LGA-1,Plateau L1-W1,rural,723,False,False,2G,36.0
SIM-00093,North Central,Plateau,Plateau LGA-1,Plateau L1-W1,urban,1492,True,True,4G,7.0
SIM-00094,North Central,Plateau,Plateau LGA-1,Plateau L1-W1,rural,522,True,False,3G,69.9
SIM-00095,North Central,Plateau,Plateau LGA-1,Plateau L1-W1,urban,810,True,True,4G,15.0
SIM-00096,North Central,Plateau,Plateau LGA-1,Plateau L1-W2,rural,382,False,False,2G,51.6
SIM-00097,North Central,Plateau,Plateau LGA-1,Plateau L1-W2,rural,1238,False,False,none,56.9
SIM-00098,North Central,Plateau,Plateau LGA-1,Plateau L1-W2,rural,945,False,True,2G,73.4
SIM-00099,North Central,Plateau,Plateau LGA-1,Plateau L1-W2,rural,1331,False,False,4G,58.0
SIM-00100,North Central,Plateau,Plateau LGA-1,Plateau L1-W2,urban,1199,True,True,2G,4.0
SIM-00101,North Central,Plateau,Plateau LGA-1,Plateau L1-W3,urban,804,False,True,4G,17.3
SIM-00102,North Central,Plateau,Plateau LGA-1,Plateau L1-W3,rural,994,False,False,2G,52.2
SIM-00103,North Central,Plateau,Plateau LGA-1,Plateau L1-W3,urban,1379,False,True,4G,20.1
SIM-00104,North Central,Plateau,Plateau LGA-1,Plateau L1-W3,rural,1423,True,False,4G,72.7
SIM-00105,North Central,Plateau,Plateau LGA-1,Plateau L1-W3,rural,616,True,False,2G,18.5
SIM-00106,North Central,Plateau,Plateau LGA-2,Plateau L2-W1,urban,359,False,True,4G,15.9
SIM-00107,North Central,Plateau,Plateau LGA-2,Plateau L2-W1,rural,309,False,False,none,15.5
SIM-00108,North Central,Plateau,Plateau LGA-2,Plateau L2-W1,rural,1083,True,True,2G,11.3
SIM-00109,North Central,Plateau,Plateau LGA-2,Plateau L2-W1,urban,443,True,False,3G,20.6
SIM-00110,North Central,Plateau,Plateau LGA-2,Plateau L2-W1,urban,307,True,True,2G,11.1
SIM-00111,North Central,Plateau,Plateau LGA-2,Plateau L2-W2,urban,599,True,True,4G,9.9
SIM-00112,North Central,Plateau,Plateau LGA-2,Plateau L2-W2,rural,1114,False,False,3G,25.2
SIM-00113,North Central,Plateau,Plateau LGA-2,Plateau L2-W2,urban,1152,False,True,4G,22.1
SIM-00114,North Central,Plateau,Plateau LGA-2,Plateau L2-W2,urban,650,True,True,3G,15.9
SIM-00115,North Central,Plateau,Plateau LGA-2,Plateau L2-W2,urban,602,True,True,2G,24.2
SIM-00116,North Central,Plateau,Plateau LGA-2,Plateau L2-W3,urban,1370,False,True,none,19.9
SIM-00117,North Central,Plateau,Plateau LGA-2,Plateau L2-W3,urban,997,True,True,4G,7.6
SIM-00118,North Central,Plateau,Plateau LGA-2,Plateau L2-W3,urban,532,True,True,4G,9.6
SIM-00119,North Central,Plateau,Plateau LGA-2,Plateau L2-W3,urban,1464,True,True,3G,19.1
SIM-00120,North Central,Plateau,Plateau LGA-2,Plateau L2-W3,rural,411,False,True,none,51.1
SIM-00121,North Central,Plateau,Plateau LGA-3,Plateau L3-W1,rural,451,False,True,4G,11.4
SIM-00122,North Central,Plateau,Plateau LGA-3,Plateau L3-W1,rural,1176,False,False,2G,55.1
SIM-00123,North Central,Plateau,Plateau LGA-3,Plateau L3-W1,rural,1230,False,True,3G,10.2
SIM-00124,North Central,Plateau,Plateau LGA-3,Plateau L3-W1,urban,594,True,True,none,19.0
SIM-00125,North Central,Plateau,Plateau LGA-3,Plateau L3-W1,urban,1482,True,True,2G,9.0
SIM-00126,North Central,Plateau,Plateau LGA-3,Plateau L3-W2,urban,1214,True,True,4G,6.8
SIM-00127,North Central,Plateau,Plateau LGA-3,Plateau L3-W2,urban,890,True,True,3G,11.5
SIM-00128,North Central,Plateau,Plateau LGA-3,Plateau L3-W2,rural,1454,False,False,2G,48.9
SIM-00129,North Central,Plateau,Plateau LGA-3,Plateau L3-W2,urban,319,True,True,4G,21.7
SIM-00130,North Central,Plateau,Plateau LGA-3,Plateau L3-W2,urban,1134,False,True,4G,21.9
SIM-00131,North Central,Plateau,Plateau LGA-3,Plateau L3-W3,urban,1336,True,True,4G,2.8
SIM-00132,North Central,Plateau,Plateau LGA-3,Plateau L3-W3,urban,1080,False,False,2G,11.0
SIM-00133,North Central,Plateau,Plateau LGA-3,Plateau L3-W3,rural,750,True,True,none,51.0
SIM-00134,North Central,Plateau,Plateau LGA-3,Plateau L3-W3,rural,423,True,False,4G,65.9
SIM-00135,North Central,Plateau,Plateau LGA-3,Plateau L3-W3,rural,1401,True,False,2G,37.2
SIM-00136,North Central,Niger,Niger LGA-1,Niger L1-W1,rural,1206,False,False,none,86.5
SIM-00137,North Central,Niger,Niger LGA-1,Niger L1-W1,rural,639,False,False,4G,15.5
SIM-00138,North Central,Niger,Niger LGA-1,Niger L1-W1,rural,821,True,True,2G,46.7
SIM-00139,North Central,Niger,Niger LGA-1,Niger L1-W1,urban,1369,True,True,3G,6.7
SIM-00140,North Central,Niger,Niger LGA-1,Niger L1-W1,rural,1359,False,False,2G,27.9
SIM-00141,North Central,Niger,Niger LGA-1,Niger L1-W2,urban,1040,False,True,3G,5.1
SIM-00142,North Central,Niger,Niger LGA-1,Niger L1-W2,urban,658,True,True,4G,16.5
SIM-00143,North Central,Niger,Niger LGA-1,Niger L1-W2,urban,439,True,True,2G,24.5
SIM-00144,North Central,Niger,Niger LGA-1,Niger L1-W2,rural,1308,False,False,2G,64.9
SIM-00145,North Central,Niger,Niger LGA-1,Niger L1-W2,rural,910,True,False,4G,74.8
SIM-00146,North Central,Niger,Niger LGA-1,Niger L1-W3,urban,1269,False,True,4G,23.6
SIM-00147,North Central,Niger,Niger LGA-1,Niger L1-W3,urban,1460,True,True,4G,22.1
SIM-00148,North Central,Niger,Niger LGA-1,Niger L1-W3,rural,1467,False,False,2G,33.2
SIM-00149,North Central,Niger,Niger LGA-1,Niger L1-W3,rural,308,False,False,2G,56.4
SIM-00150,North Central,Niger,Niger LGA-1,Niger L1-W3,urban,1215,False,True,none,23.4
SIM-00151,North Central,Niger,Niger LGA-2,Niger L2-W1,rural,388,True,False,3G,41.4
SIM-00152,North Central,Niger,Niger LGA-2,Niger L2-W1,urban,1159,False,False,4G,16.0
SIM-00153,North Central,Niger,Niger LGA-2,Niger L2-W1,urban,498,True,False,4G,2.6
SIM-00154,North Central,Niger,Niger LGA-2,Niger L2-W1,urban,810,True,True,none,8.1
SIM-00155,North Central,Niger,Niger LGA-2,Niger L2-W1,urban,1090,True,False,2G,3.4
SIM-00156,North Central,Niger,Niger LGA-2,Niger L2-W2,rural,668,True,False,2G,70.3
SIM-00157,North Central,Niger,Niger LGA-2,Niger L2-W2,urban,916,True,True,4G,15.4
SIM-00158,North Central,Niger,Niger LGA-2,Niger L2-W2,rural,1058,True,False,none,52.1
SIM-00159,North Central,Niger,Niger LGA-2,Niger L2-W2,urban,789,True,False,4G,13.2
SIM-00160,North Central,Niger,Niger LGA-2,Niger L2-W2,urban,650,True,False,3G,4.0
SIM-00161,North Central,Niger,Niger LGA-2,Niger L2-W3,rural,1267,False,False,2G,73.6
SIM-00162,North Central,Niger,Niger LGA-2,Niger L2-W3,rural,1400,True,False,none,59.6
SIM-00163,North Central,Niger,Niger LGA-2,Niger L2-W3,rural,1296,True,False,none,49.5
SIM-00164,North Central,Niger,Niger LGA-2,Niger L2-W3,rural,968,False,False,4G,51.1
SIM-00165,North Central,Niger,Niger LGA-2,Niger L2-W3,urban,995,False,False,3G,10.1
SIM-00166,North Central,Niger,Niger LGA-3,Niger L3-W1,rural,309,True,True,2G,40.3
SIM-00167,North Central,Niger,Niger LGA-3,Niger L3-W1,rural,572,False,True,4G,14.9
SIM-00168,North Central,Niger,Niger LGA-3,Niger L3-W1,urban,695,True,True,4G,13.4
SIM-00169,North Central,Niger,Niger LGA-3,Niger L3-W1,rural,451,False,True,none,15.9
SIM-00170,North Central,Niger,Niger LGA-3,Niger L3-W1,urban,949,False,True,4G,16.4
SIM-00171,North Central,Niger,Niger LGA-3,Niger L3-W2,rural,640,False,False,2G,56.7
SIM-00172,North Central,Niger,Niger LGA-3,Niger L3-W2,urban,959,True,True,none,23.0
SIM-00173,North Central,Niger,Niger LGA-3,Niger L3-W2,rural,1377,False,False,none,15.5
SIM-00174,North Central,Niger,Niger LGA-3,Niger L3-W2,rural,1116,False,True,2G,44.8
SIM-00175,North Central,Niger,Niger LGA-3,Niger L3-W2,urban,451,False,True,4G,2.6
SIM-00176,North Central,Niger,Niger LGA-3,Niger L3-W3,rural,1323,True,True,none,8.9
SIM-00177,North Central,Niger,Niger LGA-3,Niger L3-W3,urban,1491,False,True,2G,19.9
SIM-00178,North Central,Niger,Niger LGA-3,Niger L3-W3,rural,997,False,True,none,14.8
SIM-00179,North Central,Niger,Niger LGA-3,Niger L3-W3,rural,791,False,False,none,33.5
SIM-00180,North Central,Niger,Niger LGA-3,Niger L3-W3,rural,1488,False,False,3G,53.6
SIM-00181,North East,Bauchi,Bauchi LGA-1,Bauchi L1-W1,urban,1192,True,True,2G,6.0
SIM-00182,North East,Bauchi,Bauchi LGA-1,Bauchi L1-W1,rural,1459,False,False,2G,86.1
SIM-00183,North East,Bauchi,Bauchi LGA-1,Bauchi L1-W1,urban,1491,True,False,3G,9.1
SIM-00184,North East,Bauchi,Bauchi LGA-1,Bauchi L1-W1,urban,501,False,True,4G,12.1
SIM-00185,North East,Bauchi,Bauchi LGA-1,Bauchi L1-W1,urban,468,False,False,none,19.1
SIM-00186,North East,Bauchi,Bauchi LGA-1,Bauchi L1-W2,rural,914,False,False,none,39.7
SIM-00187,North East,Bauchi,Bauchi LGA-1,Bauchi L1-W2,urban,764,False,True,4G,2.1
SIM-00188,North East,Bauchi,Bauchi LGA-1,Bauchi L1-W2,urban,852,True,True,4G,19.5
SIM-00189,North East,Bauchi,Bauchi LGA-1,Bauchi L1-W2,urban,1036,True,False,3G,1.1
SIM-00190,North East,Bauchi,Bauchi LGA-1,Bauchi L1-W2,urban,409,True,True,4G,21.9
SIM-00191,North East,Bauchi,Bauchi LGA-1,Bauchi L1-W3,rural,1184,True,False,2G,58.6
SIM-00192,North East,Bauchi,Bauchi LGA-1,Bauchi L1-W3,urban,471,False,True,3G,2.6
SIM-00193,North East,Bauchi,Bauchi LGA-1,Bauchi L1-W3,urban,397,False,False,3G,1.9
SIM-00194,North East,Bauchi,Bauchi LGA-1,Bauchi L1-W3,urban,1400,False,True,2G,10.8
SIM-00195,North East,Bauchi,Bauchi LGA-1,Bauchi L1-W3,urban,1153,True,True,4G,7.4
SIM-00196,North East,Bauchi,Bauchi LGA-2,Bauchi L2-W1,rural,1348,True,False,4G,45.2
SIM-00197,North East,Bauchi,Bauchi LGA-2,Bauchi L2-W1,rural,1228,False,False,none,31.6
SIM-00198,North East,Bauchi,Bauchi LGA-2,Bauchi L2-W1,rural,513,False,True,2G,51.0
SIM-00199,North East,Bauchi,Bauchi LGA-2,Bauchi L2-W1,urban,908,True,False,4G,22.3
SIM-00200,North East,Bauchi,Bauchi LGA-2,Bauchi L2-W1,urban,1040,True,True,4G,24.9
SIM-00201,North East,Bauchi,Bauchi LGA-2,Bauchi L2-W2,urban,439,True,True,4G,3.2
SIM-00202,North East,Bauchi,Bauchi LGA-2,Bauchi L2-W2,rural,477,False,True,3G,53.8
SIM-00203,North East,Bauchi,Bauchi LGA-2,Bauchi L2-W2,rural,531,True,True,3G,17.8
SIM-00204,North East,Bauchi,Bauchi LGA-2,Bauchi L2-W2,urban,1214,True,True,4G,9.6
SIM-00205,North East,Bauchi,Bauchi LGA-2,Bauchi L2-W2,urban,1469,True,False,2G,20.2
SIM-00206,North East,Bauchi,Bauchi LGA-2,Bauchi L2-W3,urban,1387,True,False,3G,12.4
SIM-00207,North East,Bauchi,Bauchi LGA-2,Bauchi L2-W3,rural,875,True,False,none,85.8
SIM-00208,North East,Bauchi,Bauchi LGA-2,Bauchi L2-W3,rural,675,False,True,2G,42.0
SIM-00209,North East,Bauchi,Bauchi LGA-2,Bauchi L2-W3,rural,831,True,False,2G,76.3
SIM-00210,North East,Bauchi,Bauchi LGA-2,Bauchi L2-W3,rural,846,False,True,3G,24.6
SIM-00211,North East,Bauchi,Bauchi LGA-3,Bauchi L3-W1,rural,311,False,True,2G,34.1
SIM-00212,North East,Bauchi,Bauchi LGA-3,Bauchi L3-W1,urban,1316,False,True,3G,15.8
SIM-00213,North East,Bauchi,Bauchi LGA-3,Bauchi L3-W1,urban,1429,False,False,4G,11.3
SIM-00214,North East,Bauchi,Bauchi LGA-3,Bauchi L3-W1,rural,950,False,True,none,53.5
SIM-00215,North East,Bauchi,Bauchi LGA-3,Bauchi L3-W1,rural,1074,False,False,2G,80.7
SIM-00216,North East,Bauchi,Bauchi LGA-3,Bauchi L3-W2,rural,1137,False,False,2G,11.2
SIM-00217,North East,Bauchi,Bauchi LGA-3,Bauchi L3-W2,urban,1218,True,True,3G,9.5
SIM-00218,North East,Bauchi,Bauchi LGA-3,Bauchi L3-W2,urban,491,True,True,4G,24.7
SIM-00219,North East,Bauchi,Bauchi LGA-3,Bauchi L3-W2,rural,268,True,False,2G,36.8
SIM-00220,North East,Bauchi,Bauchi LGA-3,Bauchi L3-W2,urban,520,False,True,4G,8.4
SIM-00221,North East,Bauchi,Bauchi LGA-3,Bauchi L3-W3,urban,1115,False,True,4G,10.5
SIM-00222,North East,Bauchi,Bauchi LGA-3,Bauchi L3-W3,rural,690,False,False,2G,65.8
SIM-00223,North East,Bauchi,Bauchi LGA-3,Bauchi L3-W3,rural,899,False,True,none,68.7
SIM-00224,North East,Bauchi,Bauchi LGA-3,Bauchi L3-W3,rural,1376,True,True,3G,14.5
SIM-00225,North East,Bauchi,Bauchi LGA-3,Bauchi L3-W3,urban,711,False,True,4G,11.9
SIM-00226,North East,Borno,Borno LGA-1,Borno L1-W1,rural,844,False,False,3G,80.9
SIM-00227,North East,Borno,Borno LGA-1,Borno L1-W1,rural,387,False,False,2G,69.1
SIM-00228,North East,Borno,Borno LGA-1,Borno L1-W1,urban,495,False,True,3G,13.5
SIM-00229,North East,Borno,Borno LGA-1,Borno L1-W1,urban,916,False,False,none,7.4
SIM-00230,North East,Borno,Borno LGA-1,Borno L1-W1,rural,277,False,False,2G,30.5
SIM-00231,North East,Borno,Borno LGA-1,Borno L1-W2,rural,1191,False,False,none,14.1
SIM-00232,North East,Borno,Borno LGA-1,Borno L1-W2,rural,794,False,False,3G,87.0
SIM-00233,North East,Borno,Borno LGA-1,Borno L1-W2,rural,1077,False,False,2G,8.0
SIM-00234,North East,Borno,Borno LGA-1,Borno L1-W2,urban,282,False,True,4G,4.1
SIM-00235,North East,Borno,Borno LGA-1,Borno L1-W2,urban,355,False,True,4G,19.4
SIM-00236,North East,Borno,Borno LGA-1,Borno L1-W3,urban,1467,True,True,4G,10.0
SIM-00237,North East,Borno,Borno LGA-1,Borno L1-W3,urban,324,True,False,4G,17.7
SIM-00238,North East,Borno,Borno LGA-1,Borno L1-W3,rural,447,False,False,3G,14.4
SIM-00239,North East,Borno,Borno LGA-1,Borno L1-W3,urban,1070,True,True,4G,1.7
SIM-00240,North East,Borno,Borno LGA-1,Borno L1-W3,rural,329,True,True,2G,8.3
SIM-00241,North East,Borno,Borno LGA-2,Borno L2-W1,urban,591,True,True,none,22.0
SIM-00242,North East,Borno,Borno LGA-2,Borno L2-W1,rural,940,False,True,2G,83.0
SIM-00243,North East,Borno,Borno LGA-2,Borno L2-W1,urban,533,True,True,3G,19.8
SIM-00244,North East,Borno,Borno LGA-2,Borno L2-W1,rural,1170,False,False,none,57.5
SIM-00245,North East,Borno,Borno LGA-2,Borno L2-W1,urban,597,True,False,4G,22.1
SIM-00246,North East,Borno,Borno LGA-2,Borno L2-W2,urban,1256,True,True,4G,21.7
SIM-00247,North East,Borno,Borno LGA-2,Borno L2-W2,rural,501,False,False,4G,55.9
SIM-00248,North East,Borno,Borno LGA-2,Borno L2-W2,rural,1476,True,True,2G,9.9
SIM-00249,North East,Borno,Borno LGA-2,Borno L2-W2,urban,947,True,True,4G,11.2
SIM-00250,North East,Borno,Borno LGA-2,Borno L2-W2,rural,720,False,True,2G,72.5
SIM-00251,North East,Borno,Borno LGA-2,Borno L2-W3,rural,898,False,True,2G,15.5
SIM-00252,North East,Borno,Borno LGA-2,Borno L2-W3,urban,1182,False,False,none,17.9
SIM-00253,North East,Borno,Borno LGA-2,Borno L2-W3,urban,709,False,True,4G,20.4
SIM-00254,North East,Borno,Borno LGA-2,Borno L2-W3,rural,598,False,False,none,73.0
SIM-00255,North East,Borno,Borno LGA-2,Borno L2-W3,urban,1330,False,True,4G,18.3
SIM-00256,North East,Borno,Borno LGA-3,Borno L3-W1,urban,566,True,True,4G,13.5
SIM-00257,North East,Borno,Borno LGA-3,Borno L3-W1,rural,301,False,False,2G,65.3
SIM-00258,North East,Borno,Borno LGA-3,Borno L3-W1,urban,373,False,True,3G,13.5
SIM-00259,North East,Borno,Borno LGA-3,Borno L3-W1,rural,1171,True,True,4G,82.6
SIM-00260,North East,Borno,Borno LGA-3,Borno L3-W1,urban,465,True,True,4G,21.8
SIM-00261,North East,Borno,Borno LGA-3,Borno L3-W2,urban,996,False,True,none,24.7
SIM-00262,North East,Borno,Borno LGA-3,Borno L3-W2,rural,537,False,False,4G,49.9
SIM-00263,North East,Borno,Borno LGA-3,Borno L3-W2,urban,1454,True,True,4G,13.7
SIM-00264,North East,Borno,Borno LGA-3,Borno L3-W2,urban,374,True,True,4G,14.0
SIM-00265,North East,Borno,Borno LGA-3,Borno L3-W2,rural,1437,False,False,3G,26.2
SIM-00266,North East,Borno,Borno LGA-3,Borno L3-W3,rural,1059,False,False,4G,24.5
SIM-00267,North East,Borno,Borno LGA-3,Borno L3-W3,rural,991,True,False,none,12.3
SIM-00268,North East,Borno,Borno LGA-3,Borno L3-W3,urban,1242,False,True,none,19.3
SIM-00269,North East,Borno,Borno LGA-3,Borno L3-W3,urban,503,True,False,4G,6.7
SIM-00270,North East,Borno,Borno LGA-3,Borno L3-W3,urban,1105,True,True,3G,14.3
SIM-00271,North East,Adamawa,Adamawa LGA-1,Adamawa L1-W1,urban,1366,True,True,4G,3.6
SIM-00272,North East,Adamawa,Adamawa LGA-1,Adamawa L1-W1,urban,648,False,False,4G,9.4
SIM-00273,North East,Adamawa,Adamawa LGA-1,Adamawa L1-W1,urban,975,False,True,none,3.8
SIM-00274,North East,Adamawa,Adamawa LGA-1,Adamawa L1-W1,urban,530,False,True,4G,13.2
SIM-00275,North East,Adamawa,Adamawa LGA-1,Adamawa L1-W1,urban,487,False,False,4G,6.1
SIM-00276,North East,Adamawa,Adamawa LGA-1,Adamawa L1-W2,rural,384,False,False,4G,17.3
SIM-00277,North East,Adamawa,Adamawa LGA-1,Adamawa L1-W2,rural,628,True,True,none,50.8
SIM-00278,North East,Adamawa,Adamawa LGA-1,Adamawa L1-W2,rural,1023,True,False,none,51.7
SIM-00279,North East,Adamawa,Adamawa LGA-1,Adamawa L1-W2,rural,344,True,True,3G,22.1
SIM-00280,North East,Adamawa,Adamawa LGA-1,Adamawa L1-W2,rural,1314,False,True,3G,19.5
SIM-00281,North East,Adamawa,Adamawa LGA-1,Adamawa L1-W3,urban,800,False,True,3G,15.7
SIM-00282,North East,Adamawa,Adamawa LGA-1,Adamawa L1-W3,rural,1253,False,False,3G,40.9
SIM-00283,North East,Adamawa,Adamawa LGA-1,Adamawa L1-W3,urban,1206,True,True,4G,2.2
SIM-00284,North East,Adamawa,Adamawa LGA-1,Adamawa L1-W3,urban,293,True,True,none,1.3
SIM-00285,North East,Adamawa,Adamawa LGA-1,Adamawa L1-W3,urban,941,True,True,4G,13.2
SIM-00286,North East,Adamawa,Adamawa LGA-2,Adamawa L2-W1,rural,1482,True,False,2G,17.0
SIM-00287,North East,Adamawa,Adamawa LGA-2,Adamawa L2-W1,rural,1479,False,True,3G,57.0
SIM-00288,North East,Adamawa,Adamawa LGA-2,Adamawa L2-W1,rural,341,False,False,4G,42.2
SIM-00289,North East,Adamawa,Adamawa LGA-2,Adamawa L2-W1,urban,511,False,True,3G,1.1
SIM-00290,North East,Adamawa,Adamawa LGA-2,Adamawa L2-W1,urban,1281,False,True,4G,18.4
SIM-00291,North East,Adamawa,Adamawa LGA-2,Adamawa L2-W2,rural,1273,False,True,2G,81.0
SIM-00292,North East,Adamawa,Adamawa LGA-2,Adamawa L2-W2,rural,600,False,True,2G,80.6
SIM-00293,North East,Adamawa,Adamawa LGA-2,Adamawa L2-W2,urban,930,True,False,3G,12.9
SIM-00294,North East,Adamawa,Adamawa LGA-2,Adamawa L2-W2,urban,303,False,True,2G,10.8
SIM-00295,North East,Adamawa,Adamawa LGA-2,Adamawa L2-W2,urban,610,False,False,4G,1.3
SIM-00296,North East,Adamawa,Adamawa LGA-2,Adamawa L2-W3,rural,429,False,False,none,19.9
SIM-00297,North East,Adamawa,Adamawa LGA-2,Adamawa L2-W3,rural,784,False,False,2G,12.2
SIM-00298,North East,Adamawa,Adamawa LGA-2,Adamawa L2-W3,urban,563,True,True,4G,12.2
SIM-00299,North East,Adamawa,Adamawa LGA-2,Adamawa L2-W3,urban,1120,False,True,4G,16.1
SIM-00300,North East,Adamawa,Adamawa LGA-2,Adamawa L2-W3,urban,1221,False,True,4G,7.9
SIM-00301,North East,Adamawa,Adamawa LGA-3,Adamawa L3-W1,rural,692,False,False,3G,44.2
SIM-00302,North East,Adamawa,Adamawa LGA-3,Adamawa L3-W1,rural,1057,False,False,none,13.2
SIM-00303,North East,Adamawa,Adamawa LGA-3,Adamawa L3-W1,rural,1428,True,True,3G,18.4
SIM-00304,North East,Adamawa,Adamawa LGA-3,Adamawa L3-W1,urban,1061,True,False,4G,22.1
SIM-00305,North East,Adamawa,Adamawa LGA-3,Adamawa L3-W1,rural,433,True,True,none,22.1
SIM-00306,North East,Adamawa,Adamawa LGA-3,Adamawa L3-W2,rural,1251,True,False,none,62.9
SIM-00307,North East,Adamawa,Adamawa LGA-3,Adamawa L3-W2,rural,1015,True,True,2G,22.0
SIM-00308,North East,Adamawa,Adamawa LGA-3,Adamawa L3-W2,urban,907,True,True,4G,12.7
SIM-00309,North East,Adamawa,Adamawa LGA-3,Adamawa L3-W2,urban,857,True,True,2G,18.0
SIM-00310,North East,Adamawa,Adamawa LGA-3,Adamawa L3-W2,rural,779,False,False,4G,32.0
SIM-00311,North East,Adamawa,Adamawa LGA-3,Adamawa L3-W3,rural,837,False,False,2G,86.6
SIM-00312,North East,Adamawa,Adamawa LGA-3,Adamawa L3-W3,rural,1341,True,False,none,10.3
SIM-00313,North East,Adamawa,Adamawa LGA-3,Adamawa L3-W3,rural,1317,False,False,2G,87.7
SIM-00314,North East,Adamawa,Adamawa LGA-3,Adamawa L3-W3,urban,737,True,True,4G,7.2
SIM-00315,North East,Adamawa,Adamawa LGA-3,Adamawa L3-W3,rural,1385,False,True,2G,67.8
SIM-00316,North West,Kano,Kano LGA-1,Kano L1-W1,urban,929,False,True,none,11.1
SIM-00317,North West,Kano,Kano LGA-1,Kano L1-W1,rural,281,True,True,2G,82.5
SIM-00318,North West,Kano,Kano LGA-1,Kano L1-W1,urban,835,False,True,4G,3.4
SIM-00319,North West,Kano,Kano LGA-1,Kano L1-W1,urban,1249,True,True,3G,16.2
SIM-00320,North West,Kano,Kano LGA-1,Kano L1-W1,rural,351,False,False,2G,69.2
SIM-00321,North West,Kano,Kano LGA-1,Kano L1-W2,rural,1499,False,True,2G,13.4
SIM-00322,North West,Kano,Kano LGA-1,Kano L1-W2,rural,371,True,False,3G,14.2
SIM-00323,North West,Kano,Kano LGA-1,Kano L1-W2,urban,702,True,True,3G,16.5
SIM-00324,North West,Kano,Kano LGA-1,Kano L1-W2,rural,1409,False,False,3G,34.8
SIM-00325,North West,Kano,Kano LGA-1,Kano L1-W2,rural,539,True,True,none,49.7
SIM-00326,North West,Kano,Kano LGA-1,Kano L1-W3,urban,796,False,True,3G,9.9
SIM-00327,North West,Kano,Kano LGA-1,Kano L1-W3,rural,974,False,False,none,69.9
SIM-00328,North West,Kano,Kano LGA-1,Kano L1-W3,urban,807,True,True,4G,13.5
SIM-00329,North West,Kano,Kano LGA-1,Kano L1-W3,rural,689,True,False,3G,25.8
SIM-00330,North West,Kano,Kano LGA-1,Kano L1-W3,rural,990,True,False,3G,42.0
SIM-00331,North West,Kano,Kano LGA-2,Kano L2-W1,urban,1357,False,True,3G,6.9
SIM-00332,North West,Kano,Kano LGA-2,Kano L2-W1,rural,417,False,True,4G,30.5
SIM-00333,North West,Kano,Kano LGA-2,Kano L2-W1,rural,1040,True,False,2G,60.8
SIM-00334,North West,Kano,Kano LGA-2,Kano L2-W1,rural,398,False,True,none,65.1
SIM-00335,North West,Kano,Kano LGA-2,Kano L2-W1,urban,1132,False,False,4G,24.7
SIM-00336,North West,Kano,Kano LGA-2,Kano L2-W2,urban,1122,False,True,none,3.5
SIM-00337,North West,Kano,Kano LGA-2,Kano L2-W2,urban,1444,False,False,none,18.5
SIM-00338,North West,Kano,Kano LGA-2,Kano L2-W2,rural,476,False,False,none,36.7
SIM-00339,North West,Kano,Kano LGA-2,Kano L2-W2,urban,481,False,True,3G,17.7
SIM-00340,North West,Kano,Kano LGA-2,Kano L2-W2,urban,409,True,True,none,23.5
SIM-00341,North West,Kano,Kano LGA-2,Kano L2-W3,urban,799,True,True,none,20.7
SIM-00342,North West,Kano,Kano LGA-2,Kano L2-W3,urban,571,False,False,4G,15.8
SIM-00343,North West,Kano,Kano LGA-2,Kano L2-W3,rural,1344,True,False,2G,48.5
SIM-00344,North West,Kano,Kano LGA-2,Kano L2-W3,urban,1427,False,True,3G,12.8
SIM-00345,North West,Kano,Kano LGA-2,Kano L2-W3,rural,956,False,True,3G,69.3
SIM-00346,North West,Kano,Kano LGA-3,Kano L3-W1,urban,847,False,True,2G,22.3
SIM-00347,North West,Kano,Kano LGA-3,Kano L3-W1,rural,1091,False,False,2G,49.2
SIM-00348,North West,Kano,Kano LGA-3,Kano L3-W1,urban,1052,False,True,4G,13.4
SIM-00349,North West,Kano,Kano LGA-3,Kano L3-W1,urban,1177,True,False,4G,16.2
SIM-00350,North West,Kano,Kano LGA-3,Kano L3-W1,urban,659,True,True,4G,5.1
SIM-00351,North West,Kano,Kano LGA-3,Kano L3-W2,urban,361,True,True,4G,8.5
SIM-00352,North West,Kano,Kano LGA-3,Kano L3-W2,urban,1256,True,False,2G,17.7
SIM-00353,North West,Kano,Kano LGA-3,Kano L3-W2,urban,1451,True,True,none,10.2
SIM-00354,North West,Kano,Kano LGA-3,Kano L3-W2,rural,616,False,True,2G,51.5
SIM-00355,North West,Kano,Kano LGA-3,Kano L3-W2,urban,432,False,False,4G,19.4
SIM-00356,North West,Kano,Kano LGA-3,Kano L3-W3,rural,813,True,False,4G,55.2
SIM-00357,North West,Kano,Kano LGA-3,Kano L3-W3,rural,1303,False,False,2G,73.7
SIM-00358,North West,Kano,Kano LGA-3,Kano L3-W3,rural,876,False,True,2G,19.3
SIM-00359,North West,Kano,Kano LGA-3,Kano L3-W3,urban,803,True,False,none,22.5
SIM-00360,North West,Kano,Kano LGA-3,Kano L3-W3,rural,1249,False,True,2G,30.2
SIM-00361,North West,Kaduna,Kaduna LGA-1,Kaduna L1-W1,rural,277,True,False,2G,42.1
SIM-00362,North West,Kaduna,Kaduna LGA-1,Kaduna L1-W1,urban,577,True,False,2G,20.9
SIM-00363,North West,Kaduna,Kaduna LGA-1,Kaduna L1-W1,rural,683,True,False,none,50.0
SIM-00364,North West,Kaduna,Kaduna LGA-1,Kaduna L1-W1,rural,1293,True,True,2G,35.4
SIM-00365,North West,Kaduna,Kaduna LGA-1,Kaduna L1-W1,rural,848,True,False,none,39.3
SIM-00366,North West,Kaduna,Kaduna LGA-1,Kaduna L1-W2,urban,1215,True,True,3G,4.6
SIM-00367,North West,Kaduna,Kaduna LGA-1,Kaduna L1-W2,rural,860,False,False,none,14.4
SIM-00368,North West,Kaduna,Kaduna LGA-1,Kaduna L1-W2,rural,1044,True,False,2G,89.9
SIM-00369,North West,Kaduna,Kaduna LGA-1,Kaduna L1-W2,rural,984,False,False,none,22.5
SIM-00370,North West,Kaduna,Kaduna LGA-1,Kaduna L1-W2,rural,349,False,False,2G,71.5
SIM-00371,North West,Kaduna,Kaduna LGA-1,Kaduna L1-W3,urban,1438,True,True,4G,24.3
SIM-00372,North West,Kaduna,Kaduna LGA-1,Kaduna L1-W3,rural,705,True,False,2G,45.2
SIM-00373,North West,Kaduna,Kaduna LGA-1,Kaduna L1-W3,urban,1038,True,True,4G,19.4
SIM-00374,North West,Kaduna,Kaduna LGA-1,Kaduna L1-W3,rural,670,False,False,2G,26.9
SIM-00375,North West,Kaduna,Kaduna LGA-1,Kaduna L1-W3,rural,598,True,False,3G,74.0
SIM-00376,North West,Kaduna,Kaduna LGA-2,Kaduna L2-W1,rural,1319,True,True,none,25.1
SIM-00377,North West,Kaduna,Kaduna LGA-2,Kaduna L2-W1,rural,947,False,False,none,64.9
SIM-00378,North West,Kaduna,Kaduna LGA-2,Kaduna L2-W1,urban,510,True,True,4G,22.0
SIM-00379,North West,Kaduna,Kaduna LGA-2,Kaduna L2-W1,urban,738,False,True,4G,16.9
SIM-00380,North West,Kaduna,Kaduna LGA-2,Kaduna L2-W1,urban,1406,True,False,3G,9.7
SIM-00381,North West,Kaduna,Kaduna LGA-2,Kaduna L2-W2,rural,1496,False,False,none,52.3
SIM-00382,North West,Kaduna,Kaduna LGA-2,Kaduna L2-W2,rural,646,False,True,3G,53.6
SIM-00383,North West,Kaduna,Kaduna LGA-2,Kaduna L2-W2,urban,754,True,True,none,13.3
SIM-00384,North West,Kaduna,Kaduna LGA-2,Kaduna L2-W2,urban,1318,False,True,3G,3.7
SIM-00385,North West,Kaduna,Kaduna LGA-2,Kaduna L2-W2,rural,1385,True,False,2G,41.3
SIM-00386,North West,Kaduna,Kaduna LGA-2,Kaduna L2-W3,urban,738,False,True,none,5.4
SIM-00387,North West,Kaduna,Kaduna LGA-2,Kaduna L2-W3,urban,917,False,True,3G,12.3
SIM-00388,North West,Kaduna,Kaduna LGA-2,Kaduna L2-W3,urban,266,False,True,none,11.7
SIM-00389,North West,Kaduna,Kaduna LGA-2,Kaduna L2-W3,urban,1112,True,True,4G,8.1
SIM-00390,North West,Kaduna,Kaduna LGA-2,Kaduna L2-W3,urban,1379,False,True,4G,8.0
SIM-00391,North West,Kaduna,Kaduna LGA-3,Kaduna L3-W1,rural,1253,True,True,2G,19.2
SIM-00392,North West,Kaduna,Kaduna LGA-3,Kaduna L3-W1,urban,459,False,True,4G,24.8
SIM-00393,North West,Kaduna,Kaduna LGA-3,Kaduna L3-W1,urban,1066,True,True,3G,20.3
SIM-00394,North West,Kaduna,Kaduna LGA-3,Kaduna L3-W1,rural,293,False,False,2G,51.0
SIM-00395,North West,Kaduna,Kaduna LGA-3,Kaduna L3-W1,rural,961,False,False,3G,26.0
SIM-00396,North West,Kaduna,Kaduna LGA-3,Kaduna L3-W2,urban,1470,False,False,4G,1.9
SIM-00397,North West,Kaduna,Kaduna LGA-3,Kaduna L3-W2,urban,426,True,True,none,22.4
SIM-00398,North West,Kaduna,Kaduna LGA-3,Kaduna L3-W2,urban,1058,False,False,none,8.3
SIM-00399,North West,Kaduna,Kaduna LGA-3,Kaduna L3-W2,urban,1169,False,False,4G,11.3
SIM-00400,North West,Kaduna,Kaduna LGA-3,Kaduna L3-W2,rural,493,False,False,3G,13.1
SIM-00401,North West,Kaduna,Kaduna LGA-3,Kaduna L3-W3,rural,506,True,True,2G,42.3
SIM-00402,North West,Kaduna,Kaduna LGA-3,Kaduna L3-W3,rural,338,True,False,3G,44.0
SIM-00403,North West,Kaduna,Kaduna LGA-3,Kaduna L3-W3,urban,1190,True,True,4G,12.4
SIM-00404,North West,Kaduna,Kaduna LGA-3,Kaduna L3-W3,urban,634,True,True,2G,11.1
SIM-00405,North West,Kaduna,Kaduna LGA-3,Kaduna L3-W3,rural,637,True,False,3G,40.3
SIM-00406,North West,Sokoto,Sokoto LGA-1,Sokoto L1-W1,rural,438,True,False,none,25.3
SIM-00407,North West,Sokoto,Sokoto LGA-1,Sokoto L1-W1,rural,626,False,True,4G,69.0
SIM-00408,North West,Sokoto,Sokoto LGA-1,Sokoto L1-W1,rural,1429,True,True,4G,62.7
SIM-00409,North West,Sokoto,Sokoto LGA-1,Sokoto L1-W1,rural,1206,False,False,3G,86.0
SIM-00410,North West,Sokoto,Sokoto LGA-1,Sokoto L1-W1,urban,422,True,True,4G,3.2
SIM-00411,North West,Sokoto,Sokoto LGA-1,Sokoto L1-W2,urban,1266,False,True,3G,18.4
SIM-00412,North West,Sokoto,Sokoto LGA-1,Sokoto L1-W2,rural,916,True,True,2G,67.7
SIM-00413,North West,Sokoto,Sokoto LGA-1,Sokoto L1-W2,rural,356,False,True,2G,22.4
SIM-00414,North West,Sokoto,Sokoto LGA-1,Sokoto L1-W2,urban,630,True,True,4G,16.8
SIM-00415,North West,Sokoto,Sokoto LGA-1,Sokoto L1-W2,urban,1124,False,True,4G,16.8
SIM-00416,North West,Sokoto,Sokoto LGA-1,Sokoto L1-W3,rural,394,False,False,none,54.5
SIM-00417,North West,Sokoto,Sokoto LGA-1,Sokoto L1-W3,rural,313,False,False,none,84.6
SIM-00418,North West,Sokoto,Sokoto LGA-1,Sokoto L1-W3,rural,1208,True,False,3G,32.9
SIM-00419,North West,Sokoto,Sokoto LGA-1,Sokoto L1-W3,rural,271,True,False,none,53.2
SIM-00420,North West,Sokoto,Sokoto LGA-1,Sokoto L1-W3,rural,1372,True,False,3G,72.9
SIM-00421,North West,Sokoto,Sokoto LGA-2,Sokoto L2-W1,rural,984,False,True,2G,81.0
SIM-00422,North West,Sokoto,Sokoto LGA-2,Sokoto L2-W1,rural,766,True,False,3G,16.2
SIM-00423,North West,Sokoto,Sokoto LGA-2,Sokoto L2-W1,urban,1228,True,True,none,8.5
SIM-00424,North West,Sokoto,Sokoto LGA-2,Sokoto L2-W1,urban,1467,False,True,4G,20.0
SIM-00425,North West,Sokoto,Sokoto LGA-2,Sokoto L2-W1,urban,1087,False,True,4G,2.1
SIM-00426,North West,Sokoto,Sokoto LGA-2,Sokoto L2-W2,rural,1474,False,False,none,16.7
SIM-00427,North West,Sokoto,Sokoto LGA-2,Sokoto L2-W2,urban,525,False,True,4G,5.4
SIM-00428,North West,Sokoto,Sokoto LGA-2,Sokoto L2-W2,rural,305,False,False,2G,32.4
SIM-00429,North West,Sokoto,Sokoto LGA-2,Sokoto L2-W2,rural,1423,False,True,2G,59.5
SIM-00430,North West,Sokoto,Sokoto LGA-2,Sokoto L2-W2,rural,786,False,True,3G,61.0
SIM-00431,North West,Sokoto,Sokoto LGA-2,Sokoto L2-W3,rural,776,False,False,4G,80.6
SIM-00432,North West,Sokoto,Sokoto LGA-2,Sokoto L2-W3,urban,339,True,True,3G,20.5
SIM-00433,North West,Sokoto,Sokoto LGA-2,Sokoto L2-W3,urban,421,True,True,3G,19.9
SIM-00434,North West,Sokoto,Sokoto LGA-2,Sokoto L2-W3,urban,455,False,False,none,2.9
SIM-00435,North West,Sokoto,Sokoto LGA-2,Sokoto L2-W3,urban,1287,True,True,4G,5.5
SIM-00436,North West,Sokoto,Sokoto LGA-3,Sokoto L3-W1,rural,1172,False,True,3G,22.9
SIM-00437,North West,Sokoto,Sokoto LGA-3,Sokoto L3-W1,rural,1255,False,False,2G,83.6
SIM-00438,North West,Sokoto,Sokoto LGA-3,Sokoto L3-W1,urban,879,True,True,4G,17.6
SIM-00439,North West,Sokoto,Sokoto LGA-3,Sokoto L3-W1,urban,454,True,False,4G,15.7
SIM-00440,North West,Sokoto,Sokoto LGA-3,Sokoto L3-W1,rural,372,False,False,none,48.9
SIM-00441,North West,Sokoto,Sokoto LGA-3,Sokoto L3-W2,rural,416,True,True,none,21.1
SIM-00442,North West,Sokoto,Sokoto LGA-3,Sokoto L3-W2,rural,1342,False,False,none,22.1
SIM-00443,North West,Sokoto,Sokoto LGA-3,Sokoto L3-W2,rural,969,False,True,none,13.5
SIM-00444,North West,Sokoto,Sokoto LGA-3,Sokoto L3-W2,urban,1383,True,True,4G,5.8
SIM-00445,North West,Sokoto,Sokoto LGA-3,Sokoto L3-W2,urban,282,True,True,4G,5.4
SIM-00446,North West,Sokoto,Sokoto LGA-3,Sokoto L3-W3,rural,1026,False,False,4G,8.8
SIM-00447,North West,Sokoto,Sokoto LGA-3,Sokoto L3-W3,urban,936,False,True,2G,17.9
SIM-00448,North West,Sokoto,Sokoto LGA-3,Sokoto L3-W3,rural,927,False,True,2G,72.4
SIM-00449,North West,Sokoto,Sokoto LGA-3,Sokoto L3-W3,urban,1088,True,True,4G,22.4
SIM-00450,North West,Sokoto,Sokoto LGA-3,Sokoto L3-W3,urban,525,True,True,3G,14.3
SIM-00451,South East,Enugu,Enugu LGA-1,Enugu L1-W1,urban,1034,False,False,4G,6.0
SIM-00452,South East,Enugu,Enugu LGA-1,Enugu L1-W1,rural,941,False,False,none,28.0
SIM-00453,South East,Enugu,Enugu LGA-1,Enugu L1-W1,urban,450,True,True,2G,5.9
SIM-00454,South East,Enugu,Enugu LGA-1,Enugu L1-W1,rural,1349,False,True,4G,54.7
SIM-00455,South East,Enugu,Enugu LGA-1,Enugu L1-W1,rural,629,False,True,none,79.9
SIM-00456,South East,Enugu,Enugu LGA-1,Enugu L1-W2,urban,719,True,True,4G,3.5
SIM-00457,South East,Enugu,Enugu LGA-1,Enugu L1-W2,rural,1375,False,True,2G,35.3
SIM-00458,South East,Enugu,Enugu LGA-1,Enugu L1-W2,rural,1403,False,False,none,18.0
SIM-00459,South East,Enugu,Enugu LGA-1,Enugu L1-W2,rural,914,True,False,3G,19.8
SIM-00460,South East,Enugu,Enugu LGA-1,Enugu L1-W2,urban,458,False,True,4G,12.7
SIM-00461,South East,Enugu,Enugu LGA-1,Enugu L1-W3,urban,919,True,True,4G,10.8
SIM-00462,South East,Enugu,Enugu LGA-1,Enugu L1-W3,urban,1116,False,True,2G,17.3
SIM-00463,South East,Enugu,Enugu LGA-1,Enugu L1-W3,rural,486,False,False,2G,31.3
SIM-00464,South East,Enugu,Enugu LGA-1,Enugu L1-W3,urban,772,False,True,4G,13.5
SIM-00465,South East,Enugu,Enugu LGA-1,Enugu L1-W3,urban,309,False,True,none,21.9
SIM-00466,South East,Enugu,Enugu LGA-2,Enugu L2-W1,rural,701,False,False,none,13.3
SIM-00467,South East,Enugu,Enugu LGA-2,Enugu L2-W1,rural,459,False,False,4G,29.6
SIM-00468,South East,Enugu,Enugu LGA-2,Enugu L2-W1,rural,1454,False,False,4G,79.2
SIM-00469,South East,Enugu,Enugu LGA-2,Enugu L2-W1,rural,831,False,False,none,9.9
SIM-00470,South East,Enugu,Enugu LGA-2,Enugu L2-W1,rural,726,False,False,4G,16.5
SIM-00471,South East,Enugu,Enugu LGA-2,Enugu L2-W2,rural,1046,False,True,3G,32.1
SIM-00472,South East,Enugu,Enugu LGA-2,Enugu L2-W2,rural,567,True,True,4G,45.7
SIM-00473,South East,Enugu,Enugu LGA-2,Enugu L2-W2,urban,995,True,True,2G,1.6
SIM-00474,South East,Enugu,Enugu LGA-2,Enugu L2-W2,urban,1034,True,True,3G,18.0
SIM-00475,South East,Enugu,Enugu LGA-2,Enugu L2-W2,urban,446,True,False,4G,6.4
SIM-00476,South East,Enugu,Enugu LGA-2,Enugu L2-W3,rural,274,False,False,2G,60.9
SIM-00477,South East,Enugu,Enugu LGA-2,Enugu L2-W3,urban,691,True,False,2G,1.3
SIM-00478,South East,Enugu,Enugu LGA-2,Enugu L2-W3,rural,1231,True,False,4G,68.3
SIM-00479,South East,Enugu,Enugu LGA-2,Enugu L2-W3,rural,1428,True,False,4G,38.7
SIM-00480,South East,Enugu,Enugu LGA-2,Enugu L2-W3,rural,752,False,False,4G,55.1
SIM-00481,South East,Enugu,Enugu LGA-3,Enugu L3-W1,urban,567,True,True,4G,14.5
SIM-00482,South East,Enugu,Enugu LGA-3,Enugu L3-W1,rural,1482,False,True,4G,39.2
SIM-00483,South East,Enugu,Enugu LGA-3,Enugu L3-W1,urban,490,True,False,3G,23.6
SIM-00484,South East,Enugu,Enugu LGA-3,Enugu L3-W1,urban,980,False,False,3G,17.8
SIM-00485,South East,Enugu,Enugu LGA-3,Enugu L3-W1,rural,986,False,False,3G,32.2
SIM-00486,South East,Enugu,Enugu LGA-3,Enugu L3-W2,rural,477,False,False,2G,89.7
SIM-00487,South East,Enugu,Enugu LGA-3,Enugu L3-W2,rural,904,False,True,3G,64.0
SIM-00488,South East,Enugu,Enugu LGA-3,Enugu L3-W2,rural,315,False,False,4G,25.6
SIM-00489,South East,Enugu,Enugu LGA-3,Enugu L3-W2,urban,1427,True,True,2G,11.7
SIM-00490,South East,Enugu,Enugu LGA-3,Enugu L3-W2,urban,1255,True,True,3G,7.6
SIM-00491,South East,Enugu,Enugu LGA-3,Enugu L3-W3,urban,501,True,True,4G,14.9
SIM-00492,South East,Enugu,Enugu LGA-3,Enugu L3-W3,urban,404,True,True,none,1.9
SIM-00493,South East,Enugu,Enugu LGA-3,Enugu L3-W3,urban,589,True,False,3G,13.7
SIM-00494,South East,Enugu,Enugu LGA-3,Enugu L3-W3,urban,1133,False,True,4G,21.6
SIM-00495,South East,Enugu,Enugu LGA-3,Enugu L3-W3,rural,838,False,True,none,63.0
SIM-00496,South East,Anambra,Anambra LGA-1,Anambra L1-W1,rural,939,False,False,2G,17.0
SIM-00497,South East,Anambra,Anambra LGA-1,Anambra L1-W1,urban,467,True,False,2G,10.8
SIM-00498,South East,Anambra,Anambra LGA-1,Anambra L1-W1,urban,944,True,True,4G,23.1
SIM-00499,South East,Anambra,Anambra LGA-1,Anambra L1-W1,rural,361,True,False,3G,62.4
SIM-00500,South East,Anambra,Anambra LGA-1,Anambra L1-W1,rural,980,True,False,2G,23.7
SIM-00501,South East,Anambra,Anambra LGA-1,Anambra L1-W2,rural,1314,False,False,none,31.4
SIM-00502,South East,Anambra,Anambra LGA-1,Anambra L1-W2,urban,1267,True,False,4G,19.5
SIM-00503,South East,Anambra,Anambra LGA-1,Anambra L1-W2,urban,769,False,False,3G,23.2
SIM-00504,South East,Anambra,Anambra LGA-1,Anambra L1-W2,urban,1256,False,True,3G,10.2
SIM-00505,South East,Anambra,Anambra LGA-1,Anambra L1-W2,rural,732,True,False,2G,14.3
SIM-00506,South East,Anambra,Anambra LGA-1,Anambra L1-W3,urban,788,True,True,3G,7.4
SIM-00507,South East,Anambra,Anambra LGA-1,Anambra L1-W3,rural,940,False,False,none,69.5
SIM-00508,South East,Anambra,Anambra LGA-1,Anambra L1-W3,rural,1337,False,True,3G,88.3
SIM-00509,South East,Anambra,Anambra LGA-1,Anambra L1-W3,rural,651,False,True,none,59.1
SIM-00510,South East,Anambra,Anambra LGA-1,Anambra L1-W3,urban,357,False,True,4G,15.0
SIM-00511,South East,Anambra,Anambra LGA-2,Anambra L2-W1,rural,534,False,False,none,19.6
SIM-00512,South East,Anambra,Anambra LGA-2,Anambra L2-W1,rural,580,True,False,2G,16.0
SIM-00513,South East,Anambra,Anambra LGA-2,Anambra L2-W1,urban,697,False,True,3G,19.7
SIM-00514,South East,Anambra,Anambra LGA-2,Anambra L2-W1,rural,1427,False,False,2G,39.3
SIM-00515,South East,Anambra,Anambra LGA-2,Anambra L2-W1,rural,1108,True,False,3G,81.2
SIM-00516,South East,Anambra,Anambra LGA-2,Anambra L2-W2,rural,912,False,False,3G,19.8
SIM-00517,South East,Anambra,Anambra LGA-2,Anambra L2-W2,urban,1391,True,True,2G,9.0
SIM-00518,South East,Anambra,Anambra LGA-2,Anambra L2-W2,rural,1031,False,False,2G,71.0
SIM-00519,South East,Anambra,Anambra LGA-2,Anambra L2-W2,rural,406,True,True,none,54.1
SIM-00520,South East,Anambra,Anambra LGA-2,Anambra L2-W2,urban,1369,True,True,3G,18.0
SIM-00521,South East,Anambra,Anambra LGA-2,Anambra L2-W3,rural,349,True,True,2G,60.8
SIM-00522,South East,Anambra,Anambra LGA-2,Anambra L2-W3,urban,1131,True,True,4G,18.0
SIM-00523,South East,Anambra,Anambra LGA-2,Anambra L2-W3,urban,1289,False,True,4G,11.3
SIM-00524,South East,Anambra,Anambra LGA-2,Anambra L2-W3,urban,1229,True,False,4G,8.9
SIM-00525,South East,Anambra,Anambra LGA-2,Anambra L2-W3,urban,805,False,True,4G,3.9
SIM-00526,South East,Anambra,Anambra LGA-3,Anambra L3-W1,rural,568,False,True,2G,81.3
SIM-00527,South East,Anambra,Anambra LGA-3,Anambra L3-W1,urban,1401,True,True,4G,7.8
SIM-00528,South East,Anambra,Anambra LGA-3,Anambra L3-W1,urban,1337,True,True,2G,24.4
SIM-00529,South East,Anambra,Anambra LGA-3,Anambra L3-W1,urban,1064,True,True,2G,3.6
SIM-00530,South East,Anambra,Anambra LGA-3,Anambra L3-W1,rural,987,True,False,2G,30.2
SIM-00531,South East,Anambra,Anambra LGA-3,Anambra L3-W2,urban,265,True,True,4G,5.5
SIM-00532,South East,Anambra,Anambra LGA-3,Anambra L3-W2,rural,1211,False,True,3G,30.4
SIM-00533,South East,Anambra,Anambra LGA-3,Anambra L3-W2,rural,568,False,True,2G,30.2
SIM-00534,South East,Anambra,Anambra LGA-3,Anambra L3-W2,rural,1468,False,True,4G,33.8
SIM-00535,South East,Anambra,Anambra LGA-3,Anambra L3-W2,rural,945,False,False,2G,60.5
SIM-00536,South East,Anambra,Anambra LGA-3,Anambra L3-W3,rural,778,False,False,4G,74.0
SIM-00537,South East,Anambra,Anambra LGA-3,Anambra L3-W3,rural,1389,False,False,none,29.2
SIM-00538,South East,Anambra,Anambra LGA-3,Anambra L3-W3,urban,1121,False,False,4G,11.3
SIM-00539,South East,Anambra,Anambra LGA-3,Anambra L3-W3,rural,304,True,False,3G,59.2
SIM-00540,South East,Anambra,Anambra LGA-3,Anambra L3-W3,urban,1251,False,True,4G,9.6
SIM-00541,South East,Imo,Imo LGA-1,Imo L1-W1,urban,1481,False,False,none,24.6
SIM-00542,South East,Imo,Imo LGA-1,Imo L1-W1,urban,1050,True,True,4G,7.0
SIM-00543,South East,Imo,Imo LGA-1,Imo L1-W1,urban,539,True,False,4G,3.7
SIM-00544,South East,Imo,Imo LGA-1,Imo L1-W1,urban,1080,False,True,4G,15.9
SIM-00545,South East,Imo,Imo LGA-1,Imo L1-W1,urban,805,True,True,2G,20.6
SIM-00546,South East,Imo,Imo LGA-1,Imo L1-W2,rural,1298,False,True,2G,30.4
SIM-00547,South East,Imo,Imo LGA-1,Imo L1-W2,rural,380,False,False,3G,74.4
SIM-00548,South East,Imo,Imo LGA-1,Imo L1-W2,rural,1462,True,True,none,12.5
SIM-00549,South East,Imo,Imo LGA-1,Imo L1-W2,rural,716,True,True,4G,68.5
SIM-00550,South East,Imo,Imo LGA-1,Imo L1-W2,rural,1271,False,False,2G,83.1
SIM-00551,South East,Imo,Imo LGA-1,Imo L1-W3,urban,728,False,True,none,15.7
SIM-00552,South East,Imo,Imo LGA-1,Imo L1-W3,rural,1054,False,False,2G,46.4
SIM-00553,South East,Imo,Imo LGA-1,Imo L1-W3,urban,1043,True,True,4G,12.7
SIM-00554,South East,Imo,Imo LGA-1,Imo L1-W3,urban,812,True,True,none,17.6
SIM-00555,South East,Imo,Imo LGA-1,Imo L1-W3,urban,255,True,True,4G,20.5
SIM-00556,South East,Imo,Imo LGA-2,Imo L2-W1,urban,1432,True,True,4G,21.2
SIM-00557,South East,Imo,Imo LGA-2,Imo L2-W1,rural,1488,True,False,2G,86.7
SIM-00558,South East,Imo,Imo LGA-2,Imo L2-W1,rural,1243,False,False,2G,53.1
SIM-00559,South East,Imo,Imo LGA-2,Imo L2-W1,urban,1461,False,True,4G,23.1
SIM-00560,South East,Imo,Imo LGA-2,Imo L2-W1,urban,608,False,True,4G,8.7
SIM-00561,South East,Imo,Imo LGA-2,Imo L2-W2,urban,1174,False,True,3G,13.9
SIM-00562,South East,Imo,Imo LGA-2,Imo L2-W2,rural,1113,True,True,none,45.0
SIM-00563,South East,Imo,Imo LGA-2,Imo L2-W2,rural,1450,True,True,4G,15.0
SIM-00564,South East,Imo,Imo LGA-2,Imo L2-W2,rural,815,True,False,4G,65.5
SIM-00565,South East,Imo,Imo LGA-2,Imo L2-W2,rural,1017,False,False,2G,45.9
SIM-00566,South East,Imo,Imo LGA-2,Imo L2-W3,rural,609,True,True,4G,71.0
SIM-00567,South East,Imo,Imo LGA-2,Imo L2-W3,rural,949,False,True,2G,66.6
SIM-00568,South East,Imo,Imo LGA-2,Imo L2-W3,urban,1346,True,False,2G,22.4
SIM-00569,South East,Imo,Imo LGA-2,Imo L2-W3,rural,580,True,False,3G,80.2
SIM-00570,South East,Imo,Imo LGA-2,Imo L2-W3,urban,256,True,True,4G,4.6
SIM-00571,South East,Imo,Imo LGA-3,Imo L3-W1,urban,602,True,False,3G,16.5
SIM-00572,South East,Imo,Imo LGA-3,Imo L3-W1,urban,1449,True,True,4G,8.1
SIM-00573,South East,Imo,Imo LGA-3,Imo L3-W1,urban,1060,True,False,4G,17.9
SIM-00574,South East,Imo,Imo LGA-3,Imo L3-W1,rural,672,False,False,2G,82.0
SIM-00575,South East,Imo,Imo LGA-3,Imo L3-W1,urban,1224,True,False,4G,21.0
SIM-00576,South East,Imo,Imo LGA-3,Imo L3-W2,urban,1278,True,True,3G,15.1
SIM-00577,South East,Imo,Imo LGA-3,Imo L3-W2,urban,682,True,False,2G,8.8
SIM-00578,South East,Imo,Imo LGA-3,Imo L3-W2,urban,330,False,True,4G,14.0
SIM-00579,South East,Imo,Imo LGA-3,Imo L3-W2,urban,806,True,True,3G,9.6
SIM-00580,South East,Imo,Imo LGA-3,Imo L3-W2,urban,1352,False,True,2G,13.2
SIM-00581,South East,Imo,Imo LGA-3,Imo L3-W3,urban,1138,True,False,2G,2.7
SIM-00582,South East,Imo,Imo LGA-3,Imo L3-W3,urban,616,True,True,3G,10.3
SIM-00583,South East,Imo,Imo LGA-3,Imo L3-W3,urban,855,True,True,4G,19.8
SIM-00584,South East,Imo,Imo LGA-3,Imo L3-W3,rural,1382,True,False,3G,14.5
SIM-00585,South East,Imo,Imo LGA-3,Imo L3-W3,rural,1027,True,False,3G,42.2
SIM-00586,South South,Rivers,Rivers LGA-1,Rivers L1-W1,urban,1265,True,True,2G,19.0
SIM-00587,South South,Rivers,Rivers LGA-1,Rivers L1-W1,rural,912,False,True,none,35.7
SIM-00588,South South,Rivers,Rivers LGA-1,Rivers L1-W1,rural,1131,True,True,3G,16.3
SIM-00589,South South,Rivers,Rivers LGA-1,Rivers L1-W1,urban,785,True,True,4G,8.8
SIM-00590,South South,Rivers,Rivers LGA-1,Rivers L1-W1,rural,1480,False,True,4G,32.0
SIM-00591,South South,Rivers,Rivers LGA-1,Rivers L1-W2,rural,702,True,False,2G,28.8
SIM-00592,South South,Rivers,Rivers LGA-1,Rivers L1-W2,urban,1294,True,True,4G,24.9
SIM-00593,South South,Rivers,Rivers LGA-1,Rivers L1-W2,rural,929,True,False,3G,77.5
SIM-00594,South South,Rivers,Rivers LGA-1,Rivers L1-W2,urban,443,True,True,4G,3.4
SIM-00595,South South,Rivers,Rivers LGA-1,Rivers L1-W2,rural,568,False,False,4G,84.0
SIM-00596,South South,Rivers,Rivers LGA-1,Rivers L1-W3,rural,1312,True,True,none,60.8
SIM-00597,South South,Rivers,Rivers LGA-1,Rivers L1-W3,urban,646,False,False,3G,14.4
SIM-00598,South South,Rivers,Rivers LGA-1,Rivers L1-W3,rural,1055,False,False,none,77.0
SIM-00599,South South,Rivers,Rivers LGA-1,Rivers L1-W3,rural,1068,False,False,3G,33.3
SIM-00600,South South,Rivers,Rivers LGA-1,Rivers L1-W3,urban,1146,False,False,none,7.3
SIM-00601,South South,Rivers,Rivers LGA-2,Rivers L2-W1,rural,967,False,True,3G,30.8
SIM-00602,South South,Rivers,Rivers LGA-2,Rivers L2-W1,urban,1144,False,True,2G,7.7
SIM-00603,South South,Rivers,Rivers LGA-2,Rivers L2-W1,rural,1286,False,True,2G,54.8
SIM-00604,South South,Rivers,Rivers LGA-2,Rivers L2-W1,urban,404,False,True,4G,20.2
SIM-00605,South South,Rivers,Rivers LGA-2,Rivers L2-W1,rural,833,False,True,none,24.6
SIM-00606,South South,Rivers,Rivers LGA-2,Rivers L2-W2,urban,854,False,True,4G,7.3
SIM-00607,South South,Rivers,Rivers LGA-2,Rivers L2-W2,rural,877,False,False,2G,89.3
SIM-00608,South South,Rivers,Rivers LGA-2,Rivers L2-W2,urban,1246,False,True,4G,12.3
SIM-00609,South South,Rivers,Rivers LGA-2,Rivers L2-W2,urban,693,True,False,4G,21.6
SIM-00610,South South,Rivers,Rivers LGA-2,Rivers L2-W2,rural,883,False,False,4G,70.1
SIM-00611,South South,Rivers,Rivers LGA-2,Rivers L2-W3,rural,1121,False,True,3G,72.1
SIM-00612,South South,Rivers,Rivers LGA-2,Rivers L2-W3,rural,655,False,False,none,75.1
SIM-00613,South South,Rivers,Rivers LGA-2,Rivers L2-W3,urban,883,False,True,4G,13.8
SIM-00614,South South,Rivers,Rivers LGA-2,Rivers L2-W3,urban,467,False,True,4G,23.7
SIM-00615,South South,Rivers,Rivers LGA-2,Rivers L2-W3,rural,536,False,False,3G,87.5
SIM-00616,South South,Rivers,Rivers LGA-3,Rivers L3-W1,urban,484,True,False,2G,19.7
SIM-00617,South South,Rivers,Rivers LGA-3,Rivers L3-W1,rural,1351,False,False,none,15.1
SIM-00618,South South,Rivers,Rivers LGA-3,Rivers L3-W1,rural,526,False,True,3G,54.9
SIM-00619,South South,Rivers,Rivers LGA-3,Rivers L3-W1,urban,1363,False,True,2G,19.4
SIM-00620,South South,Rivers,Rivers LGA-3,Rivers L3-W1,urban,485,True,True,4G,24.1
SIM-00621,South South,Rivers,Rivers LGA-3,Rivers L3-W2,urban,764,False,False,4G,14.4
SIM-00622,South South,Rivers,Rivers LGA-3,Rivers L3-W2,rural,1218,False,False,2G,28.7
SIM-00623,South South,Rivers,Rivers LGA-3,Rivers L3-W2,urban,384,True,True,none,17.6
SIM-00624,South South,Rivers,Rivers LGA-3,Rivers L3-W2,rural,383,False,False,none,40.6
SIM-00625,South South,Rivers,Rivers LGA-3,Rivers L3-W2,rural,1258,True,False,2G,62.0
SIM-00626,South South,Rivers,Rivers LGA-3,Rivers L3-W3,urban,1006,True,True,3G,5.6
SIM-00627,South South,Rivers,Rivers LGA-3,Rivers L3-W3,rural,959,False,False,3G,70.6
SIM-00628,South South,Rivers,Rivers LGA-3,Rivers L3-W3,rural,668,False,False,3G,34.2
SIM-00629,South South,Rivers,Rivers LGA-3,Rivers L3-W3,rural,1120,True,False,3G,20.9
SIM-00630,South South,Rivers,Rivers LGA-3,Rivers L3-W3,urban,657,True,True,2G,8.7
SIM-00631,South South,Delta,Delta LGA-1,Delta L1-W1,urban,1343,False,True,4G,10.1
SIM-00632,South South,Delta,Delta LGA-1,Delta L1-W1,rural,587,False,False,none,23.0
SIM-00633,South South,Delta,Delta LGA-1,Delta L1-W1,rural,1346,False,False,2G,79.5
SIM-00634,South South,Delta,Delta LGA-1,Delta L1-W1,rural,1136,False,False,none,9.0
SIM-00635,South South,Delta,Delta LGA-1,Delta L1-W1,urban,595,False,True,3G,15.6
SIM-00636,South South,Delta,Delta LGA-1,Delta L1-W2,rural,414,False,False,3G,65.1
SIM-00637,South South,Delta,Delta LGA-1,Delta L1-W2,urban,278,False,True,4G,9.7
SIM-00638,South South,Delta,Delta LGA-1,Delta L1-W2,rural,757,False,True,none,13.3
SIM-00639,South South,Delta,Delta LGA-1,Delta L1-W2,urban,337,False,True,4G,9.0
SIM-00640,South South,Delta,Delta LGA-1,Delta L1-W2,rural,1086,False,True,3G,80.2
SIM-00641,South South,Delta,Delta LGA-1,Delta L1-W3,urban,275,False,True,3G,4.5
SIM-00642,South South,Delta,Delta LGA-1,Delta L1-W3,urban,311,True,True,4G,1.2
SIM-00643,South South,Delta,Delta LGA-1,Delta L1-W3,rural,1369,True,True,4G,37.9
SIM-00644,South South,Delta,Delta LGA-1,Delta L1-W3,rural,414,True,True,4G,79.7
SIM-00645,South South,Delta,Delta LGA-1,Delta L1-W3,urban,550,True,False,4G,12.7
SIM-00646,South South,Delta,Delta LGA-2,Delta L2-W1,urban,305,True,True,3G,21.1
SIM-00647,South South,Delta,Delta LGA-2,Delta L2-W1,urban,703,True,True,none,21.2
SIM-00648,South South,Delta,Delta LGA-2,Delta L2-W1,rural,1434,False,True,3G,59.9
SIM-00649,South South,Delta,Delta LGA-2,Delta L2-W1,urban,426,True,True,4G,6.2
SIM-00650,South South,Delta,Delta LGA-2,Delta L2-W1,rural,865,False,False,2G,23.4
SIM-00651,South South,Delta,Delta LGA-2,Delta L2-W2,rural,519,False,True,3G,50.0
SIM-00652,South South,Delta,Delta LGA-2,Delta L2-W2,urban,1283,False,True,4G,10.0
SIM-00653,South South,Delta,Delta LGA-2,Delta L2-W2,urban,1238,False,False,4G,17.1
SIM-00654,South South,Delta,Delta LGA-2,Delta L2-W2,urban,317,False,False,2G,8.0
SIM-00655,South South,Delta,Delta LGA-2,Delta L2-W2,urban,364,False,True,4G,3.2
SIM-00656,South South,Delta,Delta LGA-2,Delta L2-W3,rural,835,True,False,none,33.9
SIM-00657,South South,Delta,Delta LGA-2,Delta L2-W3,urban,1272,False,True,3G,10.8
SIM-00658,South South,Delta,Delta LGA-2,Delta L2-W3,rural,1412,False,True,4G,29.3
SIM-00659,South South,Delta,Delta LGA-2,Delta L2-W3,urban,952,True,True,3G,10.8
SIM-00660,South South,Delta,Delta LGA-2,Delta L2-W3,rural,492,False,False,2G,12.7
SIM-00661,South South,Delta,Delta LGA-3,Delta L3-W1,rural,749,False,False,3G,53.4
SIM-00662,South South,Delta,Delta LGA-3,Delta L3-W1,rural,1364,False,False,2G,80.2
SIM-00663,South South,Delta,Delta LGA-3,Delta L3-W1,rural,1150,False,False,2G,82.5
SIM-00664,South South,Delta,Delta LGA-3,Delta L3-W1,urban,1262,False,True,none,11.4
SIM-00665,South South,Delta,Delta LGA-3,Delta L3-W1,urban,521,True,True,4G,12.8
SIM-00666,South South,Delta,Delta LGA-3,Delta L3-W2,urban,822,False,True,4G,23.0
SIM-00667,South South,Delta,Delta LGA-3,Delta L3-W2,rural,1250,False,False,2G,17.9
SIM-00668,South South,Delta,Delta LGA-3,Delta L3-W2,urban,1221,False,True,4G,12.1
SIM-00669,South South,Delta,Delta LGA-3,Delta L3-W2,urban,1414,False,True,4G,18.7
SIM-00670,South South,Delta,Delta LGA-3,Delta L3-W2,rural,965,True,False,none,36.6
SIM-00671,South South,Delta,Delta LGA-3,Delta L3-W3,rural,1215,False,True,3G,45.6
SIM-00672,South South,Delta,Delta LGA-3,Delta L3-W3,rural,637,False,False,3G,26.6
SIM-00673,South South,Delta,Delta LGA-3,Delta L3-W3,urban,511,False,True,3G,15.9
SIM-00674,South South,Delta,Delta LGA-3,Delta L3-W3,urban,518,True,False,4G,22.7
SIM-00675,South South,Delta,Delta LGA-3,Delta L3-W3,rural,1032,False,False,3G,38.1
SIM-00676,South South,Cross River,Cross River LGA-1,Cross River L1-W1,rural,601,True,False,3G,45.8
SIM-00677,South South,Cross River,Cross River LGA-1,Cross River L1-W1,urban,1161,True,False,2G,2.6
SIM-00678,South South,Cross River,Cross River LGA-1,Cross River L1-W1,urban,1010,False,False,2G,15.1
SIM-00679,South South,Cross River,Cross River LGA-1,Cross River L1-W1,rural,657,False,True,3G,39.1
SIM-00680,South South,Cross River,Cross River LGA-1,Cross River L1-W1,urban,992,False,True,2G,19.1
SIM-00681,South South,Cross River,Cross River LGA-1,Cross River L1-W2,urban,1333,True,True,4G,18.7
SIM-00682,South South,Cross River,Cross River LGA-1,Cross River L1-W2,rural,481,False,False,4G,22.7
SIM-00683,South South,Cross River,Cross River LGA-1,Cross River L1-W2,rural,669,True,True,4G,18.1
SIM-00684,South South,Cross River,Cross River LGA-1,Cross River L1-W2,urban,1207,True,True,4G,18.5
SIM-00685,South South,Cross River,Cross River LGA-1,Cross River L1-W2,urban,347,True,True,4G,18.6
SIM-00686,South South,Cross River,Cross River LGA-1,Cross River L1-W3,urban,829,True,True,4G,11.9
SIM-00687,South South,Cross River,Cross River LGA-1,Cross River L1-W3,urban,643,True,True,4G,19.6
SIM-00688,South South,Cross River,Cross River LGA-1,Cross River L1-W3,urban,1172,False,True,4G,11.7
SIM-00689,South South,Cross River,Cross River LGA-1,Cross River L1-W3,rural,1222,True,True,2G,34.2
SIM-00690,South South,Cross River,Cross River LGA-1,Cross River L1-W3,rural,670,False,True,4G,13.9
SIM-00691,South South,Cross River,Cross River LGA-2,Cross River L2-W1,urban,288,True,True,4G,23.9
SIM-00692,South South,Cross River,Cross River LGA-2,Cross River L2-W1,rural,1001,False,False,3G,68.3
SIM-00693,South South,Cross River,Cross River LGA-2,Cross River L2-W1,urban,1032,True,True,4G,10.6
SIM-00694,South South,Cross River,Cross River LGA-2,Cross River L2-W1,rural,478,False,False,3G,57.1
SIM-00695,South South,Cross River,Cross River LGA-2,Cross River L2-W1,rural,1131,False,True,3G,60.7
SIM-00696,South South,Cross River,Cross River LGA-2,Cross River L2-W2,rural,957,True,False,4G,46.4
SIM-00697,South South,Cross River,Cross River LGA-2,Cross River L2-W2,urban,603,True,False,2G,5.9
SIM-00698,South South,Cross River,Cross River LGA-2,Cross River L2-W2,urban,1073,True,True,4G,17.0
SIM-00699,South South,Cross River,Cross River LGA-2,Cross River L2-W2,urban,605,False,True,4G,13.4
SIM-00700,South South,Cross River,Cross River LGA-2,Cross River L2-W2,urban,1095,False,True,2G,15.4
SIM-00701,South South,Cross River,Cross River LGA-2,Cross River L2-W3,rural,561,True,False,3G,76.1
SIM-00702,South South,Cross River,Cross River LGA-2,Cross River L2-W3,rural,735,False,False,2G,79.9
SIM-00703,South South,Cross River,Cross River LGA-2,Cross River L2-W3,urban,780,False,True,4G,15.0
SIM-00704,South South,Cross River,Cross River LGA-2,Cross River L2-W3,rural,623,True,False,3G,79.1
SIM-00705,South South,Cross River,Cross River LGA-2,Cross River L2-W3,urban,925,True,True,4G,9.5
SIM-00706,South South,Cross River,Cross River LGA-3,Cross River L3-W1,urban,732,True,False,4G,1.3
SIM-00707,South South,Cross River,Cross River LGA-3,Cross River L3-W1,rural,415,False,False,3G,80.0
SIM-00708,South South,Cross River,Cross River LGA-3,Cross River L3-W1,rural,1143,False,True,4G,54.0
SIM-00709,South South,Cross River,Cross River LGA-3,Cross River L3-W1,rural,1301,False,True,4G,87.6
SIM-00710,South South,Cross River,Cross River LGA-3,Cross River L3-W1,urban,1067,False,False,3G,8.5
SIM-00711,South South,Cross River,Cross River LGA-3,Cross River L3-W2,urban,743,True,True,4G,23.3
SIM-00712,South South,Cross River,Cross River LGA-3,Cross River L3-W2,urban,369,True,True,4G,10.5
SIM-00713,South South,Cross River,Cross River LGA-3,Cross River L3-W2,urban,1113,True,True,2G,17.7
SIM-00714,South South,Cross River,Cross River LGA-3,Cross River L3-W2,rural,1117,True,False,3G,13.9
SIM-00715,South South,Cross River,Cross River LGA-3,Cross River L3-W2,rural,1222,False,False,3G,67.4
SIM-00716,South South,Cross River,Cross River LGA-3,Cross River L3-W3,rural,994,False,True,none,39.0
SIM-00717,South South,Cross River,Cross River LGA-3,Cross River L3-W3,rural,1494,True,True,3G,52.4
SIM-00718,South South,Cross River,Cross River LGA-3,Cross River L3-W3,rural,1489,False,True,2G,9.0
SIM-00719,South South,Cross River,Cross River LGA-3,Cross River L3-W3,rural,1159,False,False,4G,49.9
SIM-00720,South South,Cross River,Cross River LGA-3,Cross River L3-W3,urban,1059,True,True,4G,21.6
SIM-00721,South West,Lagos,Lagos LGA-1,Lagos L1-W1,rural,405,True,True,3G,44.4
SIM-00722,South West,Lagos,Lagos LGA-1,Lagos L1-W1,rural,265,False,True,none,89.6
SIM-00723,South West,Lagos,Lagos LGA-1,Lagos L1-W1,rural,432,True,False,2G,53.2
SIM-00724,South West,Lagos,Lagos LGA-1,Lagos L1-W1,urban,732,False,True,3G,10.1
SIM-00725,South West,Lagos,Lagos LGA-1,Lagos L1-W1,rural,1211,False,False,3G,11.5
SIM-00726,South West,Lagos,Lagos LGA-1,Lagos L1-W2,urban,1226,True,True,4G,22.0
SIM-00727,South West,Lagos,Lagos LGA-1,Lagos L1-W2,rural,1481,False,True,4G,59.0
SIM-00728,South West,Lagos,Lagos LGA-1,Lagos L1-W2,rural,1443,True,False,2G,67.6
SIM-00729,South West,Lagos,Lagos LGA-1,Lagos L1-W2,rural,1292,False,False,3G,43.3
SIM-00730,South West,Lagos,Lagos LGA-1,Lagos L1-W2,urban,1135,True,True,4G,14.1
SIM-00731,South West,Lagos,Lagos LGA-1,Lagos L1-W3,rural,506,False,False,4G,37.4
SIM-00732,South West,Lagos,Lagos LGA-1,Lagos L1-W3,urban,912,True,True,3G,4.7
SIM-00733,South West,Lagos,Lagos LGA-1,Lagos L1-W3,urban,870,False,True,2G,20.6
SIM-00734,South West,Lagos,Lagos LGA-1,Lagos L1-W3,urban,1179,True,False,none,21.9
SIM-00735,South West,Lagos,Lagos LGA-1,Lagos L1-W3,rural,321,True,False,3G,10.0
SIM-00736,South West,Lagos,Lagos LGA-2,Lagos L2-W1,rural,460,False,False,3G,29.4
SIM-00737,South West,Lagos,Lagos LGA-2,Lagos L2-W1,urban,1137,True,True,4G,1.7
SIM-00738,South West,Lagos,Lagos LGA-2,Lagos L2-W1,urban,275,True,True,2G,14.8
SIM-00739,South West,Lagos,Lagos LGA-2,Lagos L2-W1,urban,899,False,True,4G,8.7
SIM-00740,South West,Lagos,Lagos LGA-2,Lagos L2-W1,rural,766,False,False,3G,82.1
SIM-00741,South West,Lagos,Lagos LGA-2,Lagos L2-W2,rural,854,True,True,2G,45.2
SIM-00742,South West,Lagos,Lagos LGA-2,Lagos L2-W2,urban,1424,True,True,2G,23.3
SIM-00743,South West,Lagos,Lagos LGA-2,Lagos L2-W2,urban,677,True,True,4G,23.8
SIM-00744,South West,Lagos,Lagos LGA-2,Lagos L2-W2,rural,464,False,False,2G,50.2
SIM-00745,South West,Lagos,Lagos LGA-2,Lagos L2-W2,rural,901,False,False,none,16.5
SIM-00746,South West,Lagos,Lagos LGA-2,Lagos L2-W3,rural,1087,True,True,4G,19.1
SIM-00747,South West,Lagos,Lagos LGA-2,Lagos L2-W3,rural,779,False,False,3G,63.9
SIM-00748,South West,Lagos,Lagos LGA-2,Lagos L2-W3,rural,783,True,False,3G,69.8
SIM-00749,South West,Lagos,Lagos LGA-2,Lagos L2-W3,urban,1434,True,False,4G,15.2
SIM-00750,South West,Lagos,Lagos LGA-2,Lagos L2-W3,urban,757,True,True,3G,16.9
SIM-00751,South West,Lagos,Lagos LGA-3,Lagos L3-W1,rural,570,False,False,3G,67.1
SIM-00752,South West,Lagos,Lagos LGA-3,Lagos L3-W1,urban,1167,False,True,4G,6.8
SIM-00753,South West,Lagos,Lagos LGA-3,Lagos L3-W1,rural,478,True,True,3G,18.1
SIM-00754,South West,Lagos,Lagos LGA-3,Lagos L3-W1,urban,1143,True,True,4G,16.3
SIM-00755,South West,Lagos,Lagos LGA-3,Lagos L3-W1,urban,464,False,True,2G,10.4
SIM-00756,South West,Lagos,Lagos LGA-3,Lagos L3-W2,urban,1387,False,True,2G,11.5
SIM-00757,South West,Lagos,Lagos LGA-3,Lagos L3-W2,rural,507,False,False,3G,46.5
SIM-00758,South West,Lagos,Lagos LGA-3,Lagos L3-W2,rural,430,True,True,none,27.4
SIM-00759,South West,Lagos,Lagos LGA-3,Lagos L3-W2,urban,830,False,True,3G,4.2
SIM-00760,South West,Lagos,Lagos LGA-3,Lagos L3-W2,rural,1118,True,False,3G,33.1
SIM-00761,South West,Lagos,Lagos LGA-3,Lagos L3-W3,rural,1181,False,True,3G,27.3
SIM-00762,South West,Lagos,Lagos LGA-3,Lagos L3-W3,urban,1426,True,True,4G,13.1
SIM-00763,South West,Lagos,Lagos LGA-3,Lagos L3-W3,urban,374,False,True,2G,4.9
SIM-00764,South West,Lagos,Lagos LGA-3,Lagos L3-W3,rural,576,True,False,3G,88.4
SIM-00765,South West,Lagos,Lagos LGA-3,Lagos L3-W3,rural,1084,True,True,2G,16.9
SIM-00766,South West,Oyo,Oyo LGA-1,Oyo L1-W1,urban,831,False,True,3G,7.9
SIM-00767,South West,Oyo,Oyo LGA-1,Oyo L1-W1,rural,1195,False,False,4G,74.1
SIM-00768,South West,Oyo,Oyo LGA-1,Oyo L1-W1,urban,618,False,True,3G,20.3
SIM-00769,South West,Oyo,Oyo LGA-1,Oyo L1-W1,rural,355,False,True,3G,52.7
SIM-00770,South West,Oyo,Oyo LGA-1,Oyo L1-W1,rural,864,False,True,2G,8.8
SIM-00771,South West,Oyo,Oyo LGA-1,Oyo L1-W2,rural,1053,True,False,2G,72.4
SIM-00772,South West,Oyo,Oyo LGA-1,Oyo L1-W2,rural,313,False,True,4G,55.0
SIM-00773,South West,Oyo,Oyo LGA-1,Oyo L1-W2,rural,807,False,False,none,26.9
SIM-00774,South West,Oyo,Oyo LGA-1,Oyo L1-W2,rural,974,False,True,3G,39.5
SIM-00775,South West,Oyo,Oyo LGA-1,Oyo L1-W2,rural,627,False,True,3G,78.5
SIM-00776,South West,Oyo,Oyo LGA-1,Oyo L1-W3,urban,519,False,True,4G,6.6
SIM-00777,South West,Oyo,Oyo LGA-1,Oyo L1-W3,urban,1272,False,True,4G,3.4
SIM-00778,South West,Oyo,Oyo LGA-1,Oyo L1-W3,urban,1452,False,True,3G,2.9
SIM-00779,South West,Oyo,Oyo LGA-1,Oyo L1-W3,urban,671,False,True,none,3.9
SIM-00780,South West,Oyo,Oyo LGA-1,Oyo L1-W3,rural,1409,False,False,2G,67.3
SIM-00781,South West,Oyo,Oyo LGA-2,Oyo L2-W1,rural,652,False,False,none,69.9
SIM-00782,South West,Oyo,Oyo LGA-2,Oyo L2-W1,urban,840,True,True,3G,8.0
SIM-00783,South West,Oyo,Oyo LGA-2,Oyo L2-W1,urban,423,False,True,3G,14.6
SIM-00784,South West,Oyo,Oyo LGA-2,Oyo L2-W1,rural,929,True,False,2G,8.3
SIM-00785,South West,Oyo,Oyo LGA-2,Oyo L2-W1,urban,521,True,False,3G,8.6
SIM-00786,South West,Oyo,Oyo LGA-2,Oyo L2-W2,rural,909,False,False,3G,70.7
SIM-00787,South West,Oyo,Oyo LGA-2,Oyo L2-W2,urban,980,True,True,2G,18.1
SIM-00788,South West,Oyo,Oyo LGA-2,Oyo L2-W2,urban,490,False,True,none,8.8
SIM-00789,South West,Oyo,Oyo LGA-2,Oyo L2-W2,urban,710,False,True,4G,3.3
SIM-00790,South West,Oyo,Oyo LGA-2,Oyo L2-W2,urban,557,True,True,2G,12.8
SIM-00791,South West,Oyo,Oyo LGA-2,Oyo L2-W3,rural,790,False,False,2G,16.3
SIM-00792,South West,Oyo,Oyo LGA-2,Oyo L2-W3,rural,794,False,False,3G,83.1
SIM-00793,South West,Oyo,Oyo LGA-2,Oyo L2-W3,rural,723,False,False,2G,69.1
SIM-00794,South West,Oyo,Oyo LGA-2,Oyo L2-W3,urban,966,True,True,4G,4.4
SIM-00795,South West,Oyo,Oyo LGA-2,Oyo L2-W3,urban,542,True,True,4G,8.2
SIM-00796,South West,Oyo,Oyo LGA-3,Oyo L3-W1,rural,410,False,True,3G,11.0
SIM-00797,South West,Oyo,Oyo LGA-3,Oyo L3-W1,rural,768,True,True,2G,82.9
SIM-00798,South West,Oyo,Oyo LGA-3,Oyo L3-W1,rural,1446,False,True,none,59.2
SIM-00799,South West,Oyo,Oyo LGA-3,Oyo L3-W1,urban,392,True,True,3G,2.3
SIM-00800,South West,Oyo,Oyo LGA-3,Oyo L3-W1,rural,1416,False,False,2G,58.8
SIM-00801,South West,Oyo,Oyo LGA-3,Oyo L3-W2,rural,306,False,True,none,37.4
SIM-00802,South West,Oyo,Oyo LGA-3,Oyo L3-W2,urban,250,True,True,none,12.6
SIM-00803,South West,Oyo,Oyo LGA-3,Oyo L3-W2,rural,321,False,False,4G,84.6
SIM-00804,South West,Oyo,Oyo LGA-3,Oyo L3-W2,rural,440,False,False,2G,27.4
SIM-00805,South West,Oyo,Oyo LGA-3,Oyo L3-W2,rural,716,True,True,2G,29.8
SIM-00806,South West,Oyo,Oyo LGA-3,Oyo L3-W3,rural,720,False,True,none,40.3
SIM-00807,South West,Oyo,Oyo LGA-3,Oyo L3-W3,urban,399,False,True,4G,21.9
SIM-00808,South West,Oyo,Oyo LGA-3,Oyo L3-W3,urban,362,True,True,2G,8.0
SIM-00809,South West,Oyo,Oyo LGA-3,Oyo L3-W3,urban,904,True,False,4G,2.9
SIM-00810,South West,Oyo,Oyo LGA-3,Oyo L3-W3,rural,441,False,False,none,19.8
SIM-00811,South West,Ogun,Ogun LGA-1,Ogun L1-W1,urban,652,False,True,4G,6.7
SIM-00812,South West,Ogun,Ogun LGA-1,Ogun L1-W1,rural,686,False,False,3G,70.0
SIM-00813,South West,Ogun,Ogun LGA-1,Ogun L1-W1,rural,1025,False,False,2G,29.2
SIM-00814,South West,Ogun,Ogun LGA-1,Ogun L1-W1,urban,467,False,False,3G,21.4
SIM-00815,South West,Ogun,Ogun LGA-1,Ogun L1-W1,rural,1084,True,False,2G,10.7
SIM-00816,South West,Ogun,Ogun LGA-1,Ogun L1-W2,rural,1162,True,False,2G,88.2
SIM-00817,South West,Ogun,Ogun LGA-1,Ogun L1-W2,urban,987,False,True,4G,18.3
SIM-00818,South West,Ogun,Ogun LGA-1,Ogun L1-W2,rural,359,False,True,3G,16.6
SIM-00819,South West,Ogun,Ogun LGA-1,Ogun L1-W2,rural,1477,False,False,4G,53.0
SIM-00820,South West,Ogun,Ogun LGA-1,Ogun L1-W2,urban,508,False,True,3G,24.8
SIM-00821,South West,Ogun,Ogun LGA-1,Ogun L1-W3,urban,1016,True,True,3G,2.2
SIM-00822,South West,Ogun,Ogun LGA-1,Ogun L1-W3,rural,1174,True,False,3G,21.8
SIM-00823,South West,Ogun,Ogun LGA-1,Ogun L1-W3,urban,480,False,True,3G,19.1
SIM-00824,South West,Ogun,Ogun LGA-1,Ogun L1-W3,rural,373,False,False,3G,45.2
SIM-00825,South West,Ogun,Ogun LGA-1,Ogun L1-W3,rural,376,False,False,3G,25.4
SIM-00826,South West,Ogun,Ogun LGA-2,Ogun L2-W1,rural,779,False,True,2G,70.8
SIM-00827,South West,Ogun,Ogun LGA-2,Ogun L2-W1,urban,1229,False,False,none,16.4
SIM-00828,South West,Ogun,Ogun LGA-2,Ogun L2-W1,urban,1273,True,True,4G,22.1
SIM-00829,South West,Ogun,Ogun LGA-2,Ogun L2-W1,rural,1286,False,False,2G,81.5
SIM-00830,South West,Ogun,Ogun LGA-2,Ogun L2-W1,rural,1120,True,True,2G,83.0
SIM-00831,South West,Ogun,Ogun LGA-2,Ogun L2-W2,rural,432,False,True,4G,45.3
SIM-00832,South West,Ogun,Ogun LGA-2,Ogun L2-W2,rural,538,True,False,none,21.5
SIM-00833,South West,Ogun,Ogun LGA-2,Ogun L2-W2,rural,715,False,False,3G,17.6
SIM-00834,South West,Ogun,Ogun LGA-2,Ogun L2-W2,rural,1291,True,False,2G,76.8
SIM-00835,South West,Ogun,Ogun LGA-2,Ogun L2-W2,urban,263,True,True,4G,15.8
SIM-00836,South West,Ogun,Ogun LGA-2,Ogun L2-W3,urban,836,False,True,3G,20.5
SIM-00837,South West,Ogun,Ogun LGA-2,Ogun L2-W3,urban,296,False,True,2G,2.1
SIM-00838,South West,Ogun,Ogun LGA-2,Ogun L2-W3,rural,743,True,True,3G,86.8
SIM-00839,South West,Ogun,Ogun LGA-2,Ogun L2-W3,rural,701,True,False,4G,80.6
SIM-00840,South West,Ogun,Ogun LGA-2,Ogun L2-W3,urban,1447,True,True,3G,13.1
SIM-00841,South West,Ogun,Ogun LGA-3,Ogun L3-W1,rural,626,False,False,none,15.1
SIM-00842,South West,Ogun,Ogun LGA-3,Ogun L3-W1,rural,506,False,True,none,25.2
SIM-00843,South West,Ogun,Ogun LGA-3,Ogun L3-W1,rural,1466,False,True,4G,56.7
SIM-00844,South West,Ogun,Ogun LGA-3,Ogun L3-W1,rural,335,False,False,3G,43.5
SIM-00845,South West,Ogun,Ogun LGA-3,Ogun L3-W1,rural,435,False,True,2G,19.1
SIM-00846,South West,Ogun,Ogun LGA-3,Ogun L3-W2,urban,704,False,False,4G,23.8
SIM-00847,South West,Ogun,Ogun LGA-3,Ogun L3-W2,rural,1178,True,False,2G,39.2
SIM-00848,South West,Ogun,Ogun LGA-3,Ogun L3-W2,rural,1207,False,False,none,63.1
SIM-00849,South West,Ogun,Ogun LGA-3,Ogun L3-W2,urban,1038,True,True,2G,8.6
SIM-00850,South West,Ogun,Ogun LGA-3,Ogun L3-W2,rural,261,False,False,2G,34.1
SIM-00851,South West,Ogun,Ogun LGA-3,Ogun L3-W3,rural,1258,False,True,none,30.5
SIM-00852,South West,Ogun,Ogun LGA-3,Ogun L3-W3,rural,977,False,True,3G,58.7
SIM-00853,South West,Ogun,Ogun LGA-3,Ogun L3-W3,rural,1298,False,False,2G,38.6
SIM-00854,South West,Ogun,Ogun LGA-3,Ogun L3-W3,rural,1063,True,True,2G,26.0
SIM-00855,South West,Ogun,Ogun LGA-3,Ogun L3-W3,rural,576,True,True,3G,19.2
SIM-00856,South West,Osun,Osun LGA-1,Osun L1-W1,urban,1201,True,True,none,20.8
SIM-00857,South West,Osun,Osun LGA-1,Osun L1-W1,rural,571,False,False,2G,16.4
SIM-00858,South West,Osun,Osun LGA-1,Osun L1-W1,urban,1122,True,True,none,16.0
SIM-00859,South West,Osun,Osun LGA-1,Osun L1-W1,rural,676,False,True,none,11.2
SIM-00860,South West,Osun,Osun LGA-1,Osun L1-W1,urban,467,False,True,4G,15.4
SIM-00861,South West,Osun,Osun LGA-1,Osun L1-W2,urban,991,True,True,2G,11.8
SIM-00862,South West,Osun,Osun LGA-1,Osun L1-W2,urban,1268,True,False,none,20.5
SIM-00863,South West,Osun,Osun LGA-1,Osun L1-W2,rural,1491,True,False,3G,17.9
SIM-00864,South West,Osun,Osun LGA-1,Osun L1-W2,rural,1077,True,False,3G,85.2
SIM-00865,South West,Osun,Osun LGA-1,Osun L1-W2,rural,596,False,False,3G,28.3
SIM-00866,South West,Osun,Osun LGA-1,Osun L1-W3,urban,551,False,False,2G,15.8
SIM-00867,South West,Osun,Osun LGA-1,Osun L1-W3,rural,1318,True,False,4G,32.2
SIM-00868,South West,Osun,Osun LGA-1,Osun L1-W3,urban,513,False,True,3G,11.6
SIM-00869,South West,Osun,Osun LGA-1,Osun L1-W3,urban,529,True,True,3G,22.0
SIM-00870,South West,Osun,Osun LGA-1,Osun L1-W3,urban,814,False,True,4G,17.5
SIM-00871,South West,Osun,Osun LGA-2,Osun L2-W1,rural,651,False,False,2G,73.9
SIM-00872,South West,Osun,Osun LGA-2,Osun L2-W1,urban,1093,True,True,3G,7.3
SIM-00873,South West,Osun,Osun LGA-2,Osun L2-W1,rural,1231,False,True,none,84.2
SIM-00874,South West,Osun,Osun LGA-2,Osun L2-W1,rural,476,False,False,2G,34.6
SIM-00875,South West,Osun,Osun LGA-2,Osun L2-W1,urban,350,True,True,4G,3.1
SIM-00876,South West,Osun,Osun LGA-2,Osun L2-W2,urban,1168,True,True,4G,19.5
SIM-00877,South West,Osun,Osun LGA-2,Osun L2-W2,urban,1282,True,False,4G,23.7
SIM-00878,South West,Osun,Osun LGA-2,Osun L2-W2,urban,834,False,False,4G,10.5
SIM-00879,South West,Osun,Osun LGA-2,Osun L2-W2,urban,1277,False,False,2G,15.9
SIM-00880,South West,Osun,Osun LGA-2,Osun L2-W2,rural,385,True,True,4G,87.3
SIM-00881,South West,Osun,Osun LGA-2,Osun L2-W3,urban,755,True,True,none,21.2
SIM-00882,South West,Osun,Osun LGA-2,Osun L2-W3,rural,1086,False,True,3G,68.0
SIM-00883,South West,Osun,Osun LGA-2,Osun L2-W3,rural,1076,True,False,3G,12.6
SIM-00884,South West,Osun,Osun LGA-2,Osun L2-W3,urban,464,True,True,3G,19.4
SIM-00885,South West,Osun,Osun LGA-2,Osun L2-W3,urban,787,False,False,3G,12.0
SIM-00886,South West,Osun,Osun LGA-3,Osun L3-W1,rural,1193,False,False,4G,57.0
SIM-00887,South West,Osun,Osun LGA-3,Osun L3-W1,urban,674,True,False,2G,1.9
SIM-00888,South West,Osun,Osun LGA-3,Osun L3-W1,rural,619,False,False,none,85.2
SIM-00889,South West,Osun,Osun LGA-3,Osun L3-W1,rural,1044,False,True,3G,59.5
SIM-00890,South West,Osun,Osun LGA-3,Osun L3-W1,urban,1039,False,True,none,20.3
SIM-00891,South West,Osun,Osun LGA-3,Osun L3-W2,rural,1238,True,False,3G,72.5
SIM-00892,South West,Osun,Osun LGA-3,Osun L3-W2,urban,1325,True,True,4G,14.5
SIM-00893,South West,Osun,Osun LGA-3,Osun L3-W2,rural,1248,False,False,none,42.0
SIM-00894,South West,Osun,Osun LGA-3,Osun L3-W2,rural,1200,False,False,none,44.5
SIM-00895,South West,Osun,Osun LGA-3,Osun L3-W2,urban,987,False,True,4G,24.0
SIM-00896,South West,Osun,Osun LGA-3,Osun L3-W3,rural,1293,False,False,4G,86.6
SIM-00897,South West,Osun,Osun LGA-3,Osun L3-W3,rural,975,False,False,3G,51.2
SIM-00898,South West,Osun,Osun LGA-3,Osun L3-W3,urban,950,True,True,4G,22.4
SIM-00899,South West,Osun,Osun LGA-3,Osun L3-W3,urban,923,True,True,3G,5.8
SIM-00900,South West,Osun,Osun LGA-3,Osun L3-W3,urban,309,True,True,4G,9.9
