pu_id,registered_voters,accredited_voters,votes_A,votes_B,votes_C,votes_D,votes_E,rejected_votes
SIM-00001,1279,569,3,51,186,31,279,19
SIM-00002,1389,335,5,80,19,171,52,8
SIM-00003,1451,854,336,16,79,306,99,18
SIM-00004,273,362,23,9,10,51,80,4
SIM-00005,980,677,88,2,134,250,194,9
SIM-00006,1391,765,235,121,181,66,156,6
SIM-00007,882,540,161,111,36,89,133,10
SIM-00008,1449,927,303,168,105,15,306,30
SIM-00009,1255,846,129,78,99,347,183,10
SIM-00010,1300,727,259,36,329,85,9,9
SIM-00011,1321,675,396,45,94,25,92,23
SIM-00012,718,300,63,71,69,30,59,8
SIM-00013,1367,882,265,122,252,78,159,6
SIM-00014,1230,899,92,251,370,45,132,9
SIM-00015,556,400,9,162,148,78,1,2
SIM-00016,659,175,38,10,63,50,12,2
SIM-00017,1392,960,239,184,358,34,112,33
SIM-00018,1147,386,80,87,67,74,72,6
SIM-00019,1121,522,224,25,70,186,0,17
SIM-00020,447,285,74,78,74,3,55,1
SIM-00021,1174,650,49,90,132,242,116,21
SIM-00022,341,186,59,11,53,36,24,3
SIM-00023,891,368,244,4,77,35,4,4
SIM-00024,526,358,10,22,21,139,163,3
SIM-00025,845,511,83,139,87,48,143,11
SIM-00026,876,643,49,239,162,66,106,21
SIM-00027,467,294,63,55,103,0,68,5
SIM-00028,302,247,4,69,70,55,41,8
SIM-00029,1269,629,238,4,137,227,6,17
SIM-00030,1138,574,249,132,15,69,92,17
SIM-00031,319,227,121,25,27,11,36,7
SIM-00032,1175,883,32,363,276,60,142,10
SIM-00033,1335,413,143,107,0,121,37,5
SIM-00034,630,262,41,97,70,32,18,4
SIM-00035,954,530,158,5,162,190,5,10
SIM-00036,612,318,120,6,58,2,126,6
SIM-00037,443,306,87,46,15,92,62,4
SIM-00038,1085,557,119,228,54,148,3,5
SIM-00039,571,367,132,12,85,81,46,11
SIM-00040,824,464,98,38,79,107,131,11
SIM-00041,1388,703,117,43,238,66,232,7
SIM-00042,373,253,63,73,15,32,62,8
SIM-00043,816,488,379,79,218,6,14,3
SIM-00044,278,144,21,44,34,39,4,2
SIM-00045,447,249,94,3,82,6,62,2
SIM-00046,967,683,149,170,109,100,129,26
SIM-00047,1077,694,31,101,68,172,316,6
SIM-00048,1016,544,3,122,116,293,1,9
SIM-00049,979,722,91,227,102,60,236,6
SIM-00050,500,201,70,2,67,59,1,2
SIM-00051,654,261,40,104,48,2,61,6
SIM-00052,507,243,88,37,10,10,94,4
SIM-00053,508,193,42,31,41,41,31,7
SIM-00054,506,310,94,2,54,40,117,3
SIM-00055,772,370,20,33,225,62,26,4
SIM-00056,894,499,19,52,220,193,7,8
SIM-00057,1302,757,59,74,151,23,424,26
SIM-00058,273,183,55,59,57,3,2,7
SIM-00059,558,393,7,131,156,12,75,12
SIM-00060,726,322,98,36,6,94,86,2
SIM-00061,1187,539,250,5,237,15,19,13
SIM-00062,1090,773,51,404,75,19,204,20
SIM-00063,1086,636,82,141,109,156,144,4
SIM-00064,532,303,20,68,15,117,74,9
SIM-00065,1442,555,45,21,140,160,174,15
SIM-00066,573,359,163,38,6,0,147,5
SIM-00067,885,653,57,77,194,116,203,6
SIM-00068,1358,1651,183,8,148,109,51,19
SIM-00069,1490,997,39,285,129,242,275,27
SIM-00070,1350,774,144,486,25,57,47,15
SIM-00071,488,232,46,25,54,94,6,7
SIM-00072,1003,518,83,138,59,15,203,20
SIM-00073,918,423,117,164,91,1,39,11
SIM-00074,490,173,81,12,67,9,0,4
SIM-00075,1183,444,146,83,35,161,14,5
SIM-00076,889,399,36,47,43,176,84,13
SIM-00077,910,431,104,20,47,30,220,10
SIM-00078,1198,847,104,20,47,30,220,32
SIM-00079,1458,883,117,53,260,318,120,15
SIM-00080,798,513,39,142,29,115,178,10
SIM-00081,1366,899,36,93,276,416,65,13
SIM-00082,851,381,3,110,140,91,35,2
SIM-00083,1088,697,322,219,126,7,5,18
SIM-00084,1369,812,275,115,78,221,109,14
SIM-00085,604,407,23,126,103,26,115,14
SIM-00086,1099,695,108,133,113,130,197,14
SIM-00087,700,390,114,501,69,68,21,13
SIM-00088,1186,617,148,111,109,241,3,5
SIM-00089,273,143,53,21,63,5,0,1
SIM-00090,599,288,45,121,14,54,44,10
SIM-00091,522,227,34,61,111,17,2,2
SIM-00092,723,261,83,60,0,83,26,9
SIM-00093,1492,866,197,58,229,122,247,13
SIM-00094,522,307,40,35,91,124,8,9
SIM-00095,810,316,207,0,37,1,67,4
SIM-00096,382,280,57,74,6,56,78,9
SIM-00097,1238,803,262,116,49,125,227,24
SIM-00098,945,665,177,42,267,173,0,6
SIM-00099,1331,836,277,176,152,88,128,15
SIM-00100,1199,814,278,270,120,112,15,19
SIM-00101,804,551,164,131,5,232,0,19
SIM-00102,994,535,30,168,0,13,304,20
SIM-00103,1379,1606,258,252,270,210,111,7
SIM-00104,1423,861,280,17,163,157,230,14
SIM-00105,616,341,24,70,86,73,82,6
SIM-00106,359,319,12,58,71,89,77,12
SIM-00107,309,163,33,59,22,7,37,5
SIM-00108,1083,595,42,197,242,10,101,3
SIM-00109,443,243,42,101,40,3,53,4
SIM-00110,307,147,5,35,6,81,17,3
SIM-00111,599,400,4,85,192,27,87,5
SIM-00112,1114,881,82,56,277,204,245,17
SIM-00113,1152,732,49,0,101,399,162,21
SIM-00114,650,421,120,66,77,11,141,6
SIM-00115,602,281,10,9,50,116,86,10
SIM-00116,1370,392,33,63,199,71,11,15
SIM-00117,997,717,47,3,299,147,195,26
SIM-00118,532,296,69,29,34,79,84,1
SIM-00119,1464,748,268,263,169,16,17,15
SIM-00120,411,294,26,45,60,57,103,3
SIM-00121,451,362,1,137,5,120,94,5
SIM-00122,1176,653,63,180,212,178,1,19
SIM-00123,1230,741,101,92,208,296,30,14
SIM-00124,594,351,44,117,35,98,48,9
SIM-00125,1482,852,56,35,175,229,345,12
SIM-00126,1214,462,5,286,17,51,96,7
SIM-00127,890,454,100,100,100,100,100,3
SIM-00128,1454,509,31,136,58,160,119,5
SIM-00129,319,160,18,33,53,3,52,1
SIM-00130,1134,494,138,54,407,6,12,12
SIM-00131,1336,680,164,9,311,150,27,19
SIM-00132,1080,498,166,149,103,73,5,2
SIM-00133,750,303,9,81,27,56,128,2
SIM-00134,423,271,4,76,151,16,21,3
SIM-00135,1401,774,35,198,61,232,226,22
SIM-00136,1206,588,111,85,244,63,79,6
SIM-00137,639,360,82,70,105,29,72,2
SIM-00138,821,369,27,3,151,10,165,13
SIM-00139,1369,919,354,0,1,238,321,5
SIM-00140,1359,685,90,289,0,93,203,10
SIM-00141,1040,525,230,48,33,120,87,7
SIM-00142,658,275,56,52,98,21,41,7
SIM-00143,439,360,51,70,90,126,19,4
SIM-00144,1308,763,13,60,217,217,240,16
SIM-00145,910,349,164,98,28,27,26,6
SIM-00146,1269,846,80,271,111,228,135,21
SIM-00147,1460,880,100,100,100,100,100,13
SIM-00148,1467,1001,154,351,53,420,9,14
SIM-00149,308,217,36,57,9,92,15,8
SIM-00150,1215,749,124,115,160,241,94,15
SIM-00151,388,162,29,49,50,26,7,1
SIM-00152,1159,605,111,194,135,147,10,8
SIM-00153,498,265,75,63,54,16,52,5
SIM-00154,810,522,130,57,37,169,116,13
SIM-00155,1090,626,63,265,7,89,187,15
SIM-00156,668,336,3,89,114,2,123,5
SIM-00157,916,461,152,48,163,76,4,18
SIM-00158,1058,512,95,246,39,109,8,15
SIM-00159,789,429,100,100,100,100,100,10
SIM-00160,650,340,240,27,0,22,40,11
SIM-00161,1267,705,3,81,313,257,36,15
SIM-00162,1400,786,63,143,183,100,287,10
SIM-00163,1296,848,7,116,127,143,437,18
SIM-00164,968,367,117,38,24,35,143,10
SIM-00165,995,624,19,184,133,81,186,21
SIM-00166,309,241,3,76,89,70,1,2
SIM-00167,572,343,3,17,103,122,95,3
SIM-00168,695,480,60,53,158,24,179,6
SIM-00169,451,199,85,26,46,32,5,5
SIM-00170,949,489,42,133,175,44,79,16
SIM-00171,640,267,2,134,0,39,87,5
SIM-00172,959,412,52,137,156,50,12,5
SIM-00173,1377,528,291,40,110,43,35,9
SIM-00174,1116,452,5,0,79,10,343,15
SIM-00175,451,579,36,108,31,10,26,4
SIM-00176,1323,1610,114,11,228,280,106,21
SIM-00177,1491,460,50,131,105,84,74,16
SIM-00178,997,365,48,4,167,103,37,6
SIM-00179,791,421,132,145,69,17,56,2
SIM-00180,1488,923,39,323,201,125,205,30
SIM-00181,1192,768,13,218,341,161,25,10
SIM-00182,1459,754,15,47,62,255,357,18
SIM-00183,1491,488,135,21,112,49,155,16
SIM-00184,501,346,122,21,67,94,37,5
SIM-00185,468,212,103,18,41,42,4,4
SIM-00186,914,565,32,133,214,162,4,20
SIM-00187,764,553,157,202,130,1,54,9
SIM-00188,852,555,157,202,130,1,54,15
SIM-00189,1036,771,33,226,43,222,221,26
SIM-00190,409,278,4,1,89,79,98,7
SIM-00191,1184,431,33,53,59,152,123,11
SIM-00192,471,262,70,6,43,3,132,8
SIM-00193,397,283,127,25,32,90,4,5
SIM-00194,1400,688,133,132,170,226,23,4
SIM-00195,1153,609,171,34,26,267,91,20
SIM-00196,1348,649,244,126,139,149,101,23
SIM-00197,1228,598,128,266,178,13,8,5
SIM-00198,513,226,100,100,100,100,100,3
SIM-00199,908,414,50,130,9,30,192,3
SIM-00200,1040,537,18,3,49,213,239,15
SIM-00201,439,305,67,102,38,51,38,9
SIM-00202,477,208,33,4,62,78,27,4
SIM-00203,531,228,9,114,93,3,2,7
SIM-00204,1214,608,8,4,452,95,43,6
SIM-00205,1469,993,454,29,113,91,292,14
SIM-00206,1387,831,123,50,231,258,140,29
SIM-00207,875,399,9,82,124,114,55,15
SIM-00208,675,190,5,16,28,79,58,4
SIM-00209,831,270,69,60,18,65,53,5
SIM-00210,846,398,38,56,143,137,17,7
SIM-00211,311,155,10,32,7,50,54,2
SIM-00212,1316,767,250,60,289,1,162,5
SIM-00213,1429,789,242,185,68,215,60,19
SIM-00214,950,705,2,80,391,120,90,22
SIM-00215,1074,750,299,75,178,107,84,7
SIM-00216,1137,833,126,278,58,334,19,18
SIM-00217,1218,653,109,185,100,119,133,7
SIM-00218,491,233,9,54,98,35,31,6
SIM-00219,268,166,13,104,10,18,18,3
SIM-00220,520,259,2,76,52,78,49,2
SIM-00221,1115,868,14,51,352,213,230,8
SIM-00222,690,220,52,75,8,64,17,4
SIM-00223,899,430,17,118,47,19,216,13
SIM-00224,1376,835,235,21,181,184,196,18
SIM-00225,711,455,6,47,147,174,68,13
SIM-00226,844,443,125,99,10,73,130,6
SIM-00227,387,227,44,36,58,47,35,7
SIM-00228,495,183,6,11,29,52,82,3
SIM-00229,916,304,17,79,63,114,19,12
SIM-00230,277,137,40,5,18,64,9,1
SIM-00231,1191,702,115,217,105,189,68,8
SIM-00232,794,531,43,188,33,136,121,10
SIM-00233,1077,514,113,23,184,31,156,7
SIM-00234,282,169,34,34,47,15,38,1
SIM-00235,355,267,21,15,113,53,58,7
SIM-00236,1467,877,245,61,55,220,283,13
SIM-00237,324,198,86,70,21,0,17,4
SIM-00238,447,225,37,59,56,7,59,7
SIM-00239,1070,412,64,65,91,106,77,9
SIM-00240,329,91,20,12,15,34,9,1
SIM-00241,591,428,130,68,7,12,203,8
SIM-00242,940,463,152,46,10,77,161,17
SIM-00243,533,263,22,26,114,69,27,5
SIM-00244,1170,618,16,111,22,26,422,21
SIM-00245,597,347,72,78,44,33,115,5
SIM-00246,1256,733,119,228,1,159,219,7
SIM-00247,501,313,82,54,98,72,1,6
SIM-00248,1476,933,111,405,111,94,184,28
SIM-00249,947,582,203,65,91,155,53,15
SIM-00250,720,491,49,408,7,13,3,11
SIM-00251,898,712,204,37,215,26,227,3
SIM-00252,1182,572,123,70,54,233,81,11
SIM-00253,709,389,153,139,80,2,13,2
SIM-00254,598,221,41,14,58,72,35,1
SIM-00255,1330,715,201,248,13,211,27,15
SIM-00256,566,477,29,61,223,6,155,3
SIM-00257,301,133,9,50,1,56,15,2
SIM-00258,373,164,7,41,44,52,17,3
SIM-00259,1171,540,107,19,172,69,152,21
SIM-00260,465,335,108,109,76,6,32,4
SIM-00261,996,422,112,97,0,140,71,2
SIM-00262,537,271,3,37,79,7,139,6
SIM-00263,1454,732,123,150,377,35,28,19
SIM-00264,374,233,3,64,34,72,57,3
SIM-00265,1437,881,214,217,329,11,102,8
SIM-00266,1059,641,24,111,257,7,228,14
SIM-00267,991,453,135,42,186,61,16,13
SIM-00268,1242,562,23,107,125,220,72,15
SIM-00269,503,256,93,52,3,57,43,8
SIM-00270,1105,356,184,49,31,6,73,13
SIM-00271,1366,343,110,102,33,32,58,8
SIM-00272,648,191,47,52,28,33,29,2
SIM-00273,975,447,174,145,25,35,56,12
SIM-00274,530,203,111,0,22,10,57,3
SIM-00275,487,250,48,41,40,100,13,8
SIM-00276,384,223,51,32,70,11,58,1
SIM-00277,628,414,16,126,95,98,69,10
SIM-00278,1023,701,168,144,269,96,17,7
SIM-00279,344,189,59,12,38,40,35,5
SIM-00280,1314,732,78,72,182,212,182,6
SIM-00281,800,330,52,48,61,148,11,10
SIM-00282,1253,551,81,138,140,49,132,11
SIM-00283,1206,797,214,186,113,50,224,10
SIM-00284,293,129,11,24,3,47,43,1
SIM-00285,941,704,40,125,312,204,14,9
SIM-00286,1482,812,73,70,175,221,252,21
SIM-00287,1479,791,310,176,40,136,112,17
SIM-00288,341,174,49,19,1,70,31,4
SIM-00289,511,306,42,85,44,52,73,10
SIM-00290,1281,685,194,26,14,216,225,10
SIM-00291,1273,744,39,261,128,37,252,27
SIM-00292,600,252,142,83,0,2,23,2
SIM-00293,930,343,12,82,73,91,81,4
SIM-00294,303,164,56,42,8,12,44,2
SIM-00295,610,371,28,74,137,99,29,4
SIM-00296,429,219,45,60,24,37,50,3
SIM-00297,784,499,65,50,145,212,12,15
SIM-00298,563,279,46,121,41,1,65,5
SIM-00299,1120,581,95,21,214,219,9,23
SIM-00300,1221,690,317,94,73,71,125,10
SIM-00301,692,423,139,140,5,95,31,13
SIM-00302,1057,693,151,154,202,162,19,5
SIM-00303,1428,955,112,75,83,668,5,12
SIM-00304,1061,586,128,91,115,203,35,14
SIM-00305,433,232,60,2,114,32,19,5
SIM-00306,1251,886,204,13,274,269,111,15
SIM-00307,1015,518,204,13,274,269,111,19
SIM-00308,907,472,282,240,5,10,136,6
SIM-00309,857,879,59,230,36,137,4,9
SIM-00310,779,464,224,6,28,35,161,10
SIM-00311,837,462,127,228,41,8,45,13
SIM-00312,1341,963,269,177,117,366,9,25
SIM-00313,1317,368,45,4,166,63,82,8
SIM-00314,737,410,86,9,88,149,67,11
SIM-00315,1385,1562,266,167,117,0,212,29
SIM-00316,929,492,18,196,100,29,140,9
SIM-00317,281,146,47,14,69,15,0,1
SIM-00318,835,618,146,77,182,90,113,10
SIM-00319,1249,614,131,221,122,124,5,11
SIM-00320,351,154,34,30,34,53,0,3
SIM-00321,1499,587,104,44,188,135,96,20
SIM-00322,371,155,11,70,5,56,8,5
SIM-00323,702,438,64,10,23,163,175,3
SIM-00324,1409,764,231,225,155,137,2,14
SIM-00325,539,160,37,53,24,6,37,3
SIM-00326,796,212,37,91,53,14,12,5
SIM-00327,974,480,183,11,158,108,16,4
SIM-00328,807,381,16,85,69,48,153,10
SIM-00329,689,378,28,51,98,82,110,9
SIM-00330,990,600,172,275,33,78,38,4
SIM-00331,1357,626,11,383,152,36,40,4
SIM-00332,417,203,67,7,21,58,47,3
SIM-00333,1040,556,212,52,242,11,34,5
SIM-00334,398,195,23,14,23,108,24,3
SIM-00335,1132,408,46,1,141,144,60,16
SIM-00336,1122,548,118,65,55,155,141,14
SIM-00337,1444,573,70,233,96,27,142,5
SIM-00338,476,265,3,42,15,149,50,6
SIM-00339,481,245,52,119,2,59,6,7
SIM-00340,409,234,45,0,0,13,170,6
SIM-00341,799,374,81,101,60,30,90,12
SIM-00342,571,309,69,2,202,2,27,7
SIM-00343,1344,851,521,46,13,250,6,15
SIM-00344,1427,834,357,21,45,276,126,9
SIM-00345,956,610,4,189,44,355,5,13
SIM-00346,847,638,87,35,58,367,67,24
SIM-00347,1091,455,187,175,51,14,20,8
SIM-00348,1052,614,115,26,217,36,213,7
SIM-00349,1177,1252,183,242,64,149,30,20
SIM-00350,659,507,14,51,189,62,184,7
SIM-00351,361,192,46,41,31,36,34,4
SIM-00352,1256,512,53,276,144,32,0,7
SIM-00353,1451,724,397,140,29,17,116,25
SIM-00354,616,829,28,74,64,93,10,10
SIM-00355,432,327,13,5,96,164,37,12
SIM-00356,813,476,122,144,151,3,48,8
SIM-00357,1303,712,251,45,157,43,208,8
SIM-00358,876,469,103,127,57,125,45,12
SIM-00359,803,312,19,88,42,48,110,5
SIM-00360,1249,537,140,9,177,156,46,9
SIM-00361,277,72,27,5,39,0,0,1
SIM-00362,577,188,39,97,29,15,1,7
SIM-00363,683,399,109,194,30,53,0,13
SIM-00364,1293,491,251,181,2,46,8,3
SIM-00365,848,486,51,197,44,127,51,16
SIM-00366,1215,752,192,123,29,41,345,22
SIM-00367,860,593,21,58,242,181,80,11
SIM-00368,1044,651,129,88,175,30,208,21
SIM-00369,984,517,15,277,13,16,190,6
SIM-00370,349,196,100,100,100,100,100,3
SIM-00371,1438,809,131,59,179,229,201,10
SIM-00372,705,435,36,176,58,125,24,16
SIM-00373,1038,663,113,130,36,259,99,26
SIM-00374,670,419,210,83,71,17,25,13
SIM-00375,598,460,40,0,232,8,171,9
SIM-00376,1319,627,198,20,66,210,127,6
SIM-00377,947,626,10,9,175,283,134,15
SIM-00378,510,277,64,17,58,56,80,2
SIM-00379,738,377,43,133,64,52,72,13
SIM-00380,1406,894,334,58,222,5,250,25
SIM-00381,1496,1030,293,78,602,44,2,11
SIM-00382,646,774,116,7,66,51,43,7
SIM-00383,754,424,199,103,20,16,75,11
SIM-00384,1318,662,232,4,251,41,110,24
SIM-00385,1385,1043,401,3,322,178,118,21
SIM-00386,738,401,4,60,131,7,197,2
SIM-00387,917,585,91,90,43,238,103,20
SIM-00388,266,149,20,29,27,50,18,5
SIM-00389,1112,639,67,49,106,275,122,20
SIM-00390,1379,650,280,95,102,69,91,13
SIM-00391,1253,835,280,95,102,69,91,26
SIM-00392,459,232,45,68,42,51,18,8
SIM-00393,1066,516,55,239,52,62,104,4
SIM-00394,293,128,24,37,1,31,33,2
SIM-00395,961,1070,112,29,88,99,228,9
SIM-00396,1470,938,455,65,280,33,69,36
SIM-00397,426,136,43,46,1,41,2,3
SIM-00398,1058,714,346,29,253,74,6,6
SIM-00399,1169,641,110,149,167,4,192,19
SIM-00400,493,354,75,89,142,32,15,1
SIM-00401,506,400,44,178,92,52,29,5
SIM-00402,338,168,86,63,1,9,7,2
SIM-00403,1190,516,70,136,69,126,102,13
SIM-00404,634,478,28,81,71,74,205,19
SIM-00405,637,401,93,2,95,96,106,9
SIM-00406,438,232,13,141,11,2,62,3
SIM-00407,626,321,124,79,2,79,26,11
SIM-00408,1429,869,5,378,235,0,245,6
SIM-00409,1206,659,113,223,69,210,21,23
SIM-00410,422,248,79,34,35,24,69,7
SIM-00411,1266,648,205,193,100,8,126,16
SIM-00412,916,475,70,64,147,135,44,15
SIM-00413,356,168,63,7,76,5,15,2
SIM-00414,630,388,193,18,39,11,113,14
SIM-00415,1124,880,205,217,241,103,97,17
SIM-00416,394,228,26,6,15,74,99,8
SIM-00417,313,212,58,35,47,49,17,6
SIM-00418,1208,818,359,98,313,10,13,25
SIM-00419,271,144,73,13,6,48,0,4
SIM-00420,1372,1107,112,43,84,386,441,41
SIM-00421,984,626,140,26,254,2,199,5
SIM-00422,766,346,45,22,34,156,76,13
SIM-00423,1228,1024,203,114,248,177,272,10
SIM-00424,1467,864,553,59,39,155,28,30
SIM-00425,1087,722,102,139,119,53,294,15
SIM-00426,1474,565,166,81,209,47,58,4
SIM-00427,525,246,16,19,69,70,65,7
SIM-00428,305,162,14,87,12,18,26,5
SIM-00429,1423,1072,163,171,449,80,194,15
SIM-00430,786,380,71,161,12,102,30,4
SIM-00431,776,517,106,26,5,252,123,5
SIM-00432,339,256,82,68,82,9,13,2
SIM-00433,421,202,59,40,0,93,7,3
SIM-00434,455,260,4,4,97,97,51,7
SIM-00435,1287,618,135,118,221,0,135,9
SIM-00436,1172,754,103,272,66,176,114,23
SIM-00437,1255,739,70,165,226,7,263,8
SIM-00438,879,645,179,50,79,124,210,3
SIM-00439,454,232,97,51,15,31,35,3
SIM-00440,372,151,19,3,64,38,23,4
SIM-00441,416,223,31,9,13,98,66,6
SIM-00442,1342,849,306,0,281,21,218,23
SIM-00443,969,755,30,18,283,175,232,17
SIM-00444,1383,1029,296,89,120,386,112,26
SIM-00445,282,140,36,3,29,36,34,2
SIM-00446,1026,534,70,176,68,154,60,6
SIM-00447,936,387,61,186,82,51,0,7
SIM-00448,927,455,62,21,0,223,139,10
SIM-00449,1088,653,495,35,10,40,69,4
SIM-00450,525,199,23,20,20,73,58,5
SIM-00451,1034,434,109,21,205,93,2,4
SIM-00452,941,444,109,21,205,93,2,7
SIM-00453,450,195,6,45,43,49,46,6
SIM-00454,1349,635,192,0,338,43,38,24
SIM-00455,629,375,39,72,250,0,5,9
SIM-00456,719,456,219,32,15,2,171,17
SIM-00457,1375,858,2,365,161,284,16,30
SIM-00458,1403,764,629,4,108,5,11,7
SIM-00459,914,512,119,214,8,146,12,13
SIM-00460,458,224,24,38,36,117,2,7
SIM-00461,919,473,64,13,184,64,134,14
SIM-00462,1116,362,15,180,26,6,132,3
SIM-00463,486,215,90,20,30,0,68,7
SIM-00464,772,493,173,5,99,43,156,17
SIM-00465,309,223,38,88,21,33,35,8
SIM-00466,701,405,161,16,70,139,5,14
SIM-00467,459,273,66,53,41,24,79,10
SIM-00468,1454,697,190,46,205,122,123,11
SIM-00469,831,376,95,79,43,62,84,13
SIM-00470,726,256,100,100,100,100,100,4
SIM-00471,1046,574,167,68,128,84,124,3
SIM-00472,567,304,100,100,100,100,100,10
SIM-00473,995,199,5,48,55,67,20,4
SIM-00474,1034,460,139,40,164,2,105,10
SIM-00475,446,249,49,3,52,61,83,1
SIM-00476,274,137,9,29,44,42,11,2
SIM-00477,691,384,154,9,25,120,64,12
SIM-00478,1231,864,206,117,117,172,220,32
SIM-00479,1428,766,18,97,222,154,267,8
SIM-00480,752,470,109,31,100,128,89,13
SIM-00481,567,365,75,146,80,7,52,5
SIM-00482,1482,784,15,267,89,194,206,13
SIM-00483,490,313,99,113,85,9,3,4
SIM-00484,980,726,286,232,100,31,53,24
SIM-00485,986,479,106,57,2,120,180,14
SIM-00486,477,261,5,8,98,139,9,2
SIM-00487,904,398,27,186,23,5,152,5
SIM-00488,315,155,25,37,7,1,84,1
SIM-00489,1427,636,217,88,234,80,11,6
SIM-00490,1255,439,29,127,59,115,96,13
SIM-00491,501,290,68,28,162,25,0,7
SIM-00492,404,150,11,44,25,23,45,2
SIM-00493,589,359,27,136,104,5,84,3
SIM-00494,1133,462,128,148,3,113,60,10
SIM-00495,838,406,56,8,120,39,180,3
SIM-00496,939,392,80,119,15,47,121,10
SIM-00497,467,248,2,54,29,70,84,9
SIM-00498,944,542,75,218,56,65,108,20
SIM-00499,361,128,18,33,34,8,32,3
SIM-00500,980,485,65,69,124,106,104,17
SIM-00501,1314,561,69,66,320,94,2,10
SIM-00502,1267,551,111,120,109,153,50,8
SIM-00503,769,378,18,149,105,62,34,10
SIM-00504,1256,322,55,80,80,30,71,6
SIM-00505,732,512,2,158,218,92,39,3
SIM-00506,788,446,111,271,12,23,21,8
SIM-00507,940,550,222,28,132,59,105,4
SIM-00508,1337,922,242,257,112,2,296,13
SIM-00509,651,424,139,47,25,94,109,10
SIM-00510,357,195,13,61,35,46,34,6
SIM-00511,534,281,99,85,0,84,9,4
SIM-00512,580,265,33,29,33,158,3,9
SIM-00513,697,432,73,162,9,93,84,11
SIM-00514,1427,861,104,201,298,233,1,24
SIM-00515,1108,605,129,189,95,163,20,9
SIM-00516,912,546,44,119,290,0,84,9
SIM-00517,1391,770,55,294,273,104,37,7
SIM-00518,1031,429,157,105,3,142,14,8
SIM-00519,406,174,10,66,0,66,30,2
SIM-00520,1369,967,88,259,216,123,272,9
SIM-00521,349,216,67,7,51,41,47,3
SIM-00522,1131,831,191,214,126,138,153,9
SIM-00523,1289,937,141,571,49,54,100,22
SIM-00524,1229,902,204,287,162,222,0,27
SIM-00525,805,480,3,144,235,30,50,18
SIM-00526,568,401,78,53,35,71,150,14
SIM-00527,1401,1096,341,438,266,23,0,28
SIM-00528,1337,714,116,211,80,102,199,6
SIM-00529,1064,683,14,63,26,211,360,9
SIM-00530,987,466,100,100,100,100,100,4
SIM-00531,265,183,34,3,45,81,19,1
SIM-00532,1211,535,79,0,166,6,275,9
SIM-00533,568,328,2,6,27,246,39,8
SIM-00534,1468,600,25,129,255,29,149,13
SIM-00535,945,519,84,44,62,34,284,11
SIM-00536,778,348,51,111,131,24,20,11
SIM-00537,1389,842,394,109,13,81,227,18
SIM-00538,1121,461,193,102,80,60,15,11
SIM-00539,304,176,33,26,33,69,12,3
SIM-00540,1251,760,156,226,119,39,201,19
SIM-00541,1481,863,213,208,184,212,36,10
SIM-00542,1050,591,129,143,74,74,158,13
SIM-00543,539,303,19,119,12,44,105,4
SIM-00544,1080,459,138,151,4,145,11,10
SIM-00545,805,395,16,120,44,142,63,10
SIM-00546,1298,680,6,305,19,320,6,24
SIM-00547,380,183,30,35,63,49,5,1
SIM-00548,1462,539,10,210,127,121,53,18
SIM-00549,716,370,4,68,135,16,145,2
SIM-00550,1271,765,157,101,6,157,339,5
SIM-00551,728,367,71,38,176,0,77,5
SIM-00552,1054,849,5,79,25,465,256,19
SIM-00553,1043,593,52,135,278,107,0,21
SIM-00554,812,498,26,169,157,4,139,3
SIM-00555,255,166,39,61,43,16,4,3
SIM-00556,1432,901,181,64,175,443,29,9
SIM-00557,1488,719,135,26,111,210,228,9
SIM-00558,1243,642,303,14,139,105,70,11
SIM-00559,1461,922,61,205,75,235,336,10
SIM-00560,608,381,100,100,100,100,100,14
SIM-00561,1174,670,109,122,127,7,282,23
SIM-00562,1113,500,53,102,191,33,113,8
SIM-00563,1450,1017,106,51,113,593,126,28
SIM-00564,815,532,87,235,66,27,97,20
SIM-00565,1017,426,30,94,111,51,129,11
SIM-00566,609,292,36,112,57,49,33,5
SIM-00567,949,449,5,19,191,96,125,13
SIM-00568,1346,710,186,155,147,24,177,21
SIM-00569,580,374,118,55,92,53,43,13
SIM-00570,256,181,62,28,37,0,49,5
SIM-00571,602,432,190,3,47,173,8,11
SIM-00572,1449,964,86,314,47,452,57,8
SIM-00573,1060,661,227,121,70,230,4,9
SIM-00574,672,400,114,68,55,89,66,8
SIM-00575,1224,552,3,12,224,131,173,9
SIM-00576,1278,832,224,51,226,121,202,8
SIM-00577,682,252,46,0,88,17,99,2
SIM-00578,330,150,17,0,36,45,49,3
SIM-00579,806,453,269,31,2,0,141,10
SIM-00580,1352,989,51,34,799,26,57,22
SIM-00581,1138,559,248,3,69,45,191,3
SIM-00582,616,384,162,38,147,22,9,6
SIM-00583,855,303,35,64,6,91,102,5
SIM-00584,1382,705,235,89,333,32,8,8
SIM-00585,1027,538,52,166,0,288,12,20
SIM-00586,1265,899,60,494,115,103,121,6
SIM-00587,912,1143,81,25,26,85,48,4
SIM-00588,1131,747,17,199,124,203,188,16
SIM-00589,785,440,80,127,94,128,0,11
SIM-00590,1480,871,87,221,425,125,1,12
SIM-00591,702,420,147,120,54,43,49,7
SIM-00592,1294,745,261,70,124,205,72,13
SIM-00593,929,441,20,117,108,93,98,5
SIM-00594,443,246,31,23,83,65,43,1
SIM-00595,568,219,55,33,68,21,37,5
SIM-00596,1312,484,24,236,159,6,46,13
SIM-00597,646,345,102,36,15,111,77,4
SIM-00598,1055,597,182,57,285,54,11,8
SIM-00599,1068,602,259,51,32,31,207,22
SIM-00600,1146,430,54,140,116,9,108,3
SIM-00601,967,629,44,7,47,367,146,18
SIM-00602,1144,536,149,74,12,96,190,15
SIM-00603,1286,432,81,167,11,5,165,3
SIM-00604,404,105,13,50,21,6,15,0
SIM-00605,833,466,53,0,8,205,184,16
SIM-00606,854,359,84,37,31,34,171,2
SIM-00607,877,449,119,93,74,40,115,8
SIM-00608,1246,774,15,271,304,91,78,15
SIM-00609,693,237,47,143,11,4,27,5
SIM-00610,883,733,2,356,23,280,65,7
SIM-00611,1121,520,50,16,133,17,299,5
SIM-00612,655,482,84,64,90,232,9,3
SIM-00613,883,538,23,132,38,147,184,14
SIM-00614,467,363,55,14,86,87,115,6
SIM-00615,536,383,10,244,59,0,58,12
SIM-00616,484,294,31,0,52,201,0,10
SIM-00617,1351,600,45,248,181,88,27,11
SIM-00618,526,194,7,55,49,79,3,1
SIM-00619,1363,1071,48,16,769,0,213,25
SIM-00620,485,254,34,50,65,52,47,6
SIM-00621,764,336,33,31,91,129,40,12
SIM-00622,1218,830,283,107,321,2,105,12
SIM-00623,384,230,84,55,1,87,0,3
SIM-00624,383,285,84,36,33,91,37,4
SIM-00625,1258,708,45,59,197,272,112,23
SIM-00626,1006,442,100,100,100,100,100,16
SIM-00627,959,491,145,61,54,17,200,14
SIM-00628,668,424,28,113,29,179,72,3
SIM-00629,1120,495,171,108,16,182,1,17
SIM-00630,657,320,3,185,11,109,4,8
SIM-00631,1343,669,120,24,165,201,151,8
SIM-00632,587,346,170,0,157,12,2,5
SIM-00633,1346,539,57,0,47,207,212,16
SIM-00634,1136,515,72,165,3,130,127,18
SIM-00635,595,488,53,163,65,188,7,12
SIM-00636,414,173,14,17,73,65,0,4
SIM-00637,278,190,100,100,100,100,100,3
SIM-00638,757,351,99,11,80,147,4,10
SIM-00639,337,226,75,11,1,13,121,5
SIM-00640,1086,478,77,11,102,33,253,2
SIM-00641,275,150,46,9,41,31,21,2
SIM-00642,311,178,5,48,37,60,27,1
SIM-00643,1369,796,128,180,195,143,146,4
SIM-00644,414,271,79,108,36,33,11,4
SIM-00645,550,287,60,2,93,14,116,2
SIM-00646,305,193,7,10,37,75,63,1
SIM-00647,703,410,31,6,68,94,195,16
SIM-00648,1434,736,73,33,125,169,325,11
SIM-00649,426,346,63,67,28,59,116,13
SIM-00650,865,349,113,58,57,9,106,6
SIM-00651,519,141,48,0,38,19,34,2
SIM-00652,1283,607,164,45,167,95,129,7
SIM-00653,1238,565,1,76,366,11,96,15
SIM-00654,317,156,18,72,8,25,28,5
SIM-00655,364,146,26,5,62,3,49,1
SIM-00656,835,554,272,132,17,3,117,13
SIM-00657,1272,784,17,111,455,183,2,16
SIM-00658,1412,967,60,81,205,306,299,16
SIM-00659,952,701,166,25,153,265,79,13
SIM-00660,492,336,111,32,96,63,30,4
SIM-00661,749,192,84,0,66,0,40,2
SIM-00662,1364,774,74,246,254,166,9,25
SIM-00663,1150,519,125,180,30,45,133,6
SIM-00664,1262,780,225,39,30,138,332,16
SIM-00665,521,294,128,35,2,10,110,9
SIM-00666,822,546,137,236,17,102,42,12
SIM-00667,1250,853,167,4,136,426,108,12
SIM-00668,1221,552,119,110,22,97,193,11
SIM-00669,1414,1155,246,313,309,75,197,15
SIM-00670,965,598,82,67,204,215,14,16
SIM-00671,1215,869,15,97,305,365,57,30
SIM-00672,637,479,185,24,76,110,77,7
SIM-00673,511,157,8,22,40,28,57,2
SIM-00674,518,333,63,22,102,110,25,11
SIM-00675,1032,490,97,88,129,83,85,8
SIM-00676,601,333,7,105,93,2,118,8
SIM-00677,1161,634,34,64,148,260,113,15
SIM-00678,1010,668,109,259,185,109,2,4
SIM-00679,657,407,20,182,152,0,43,10
SIM-00680,992,574,423,34,30,36,38,13
SIM-00681,1333,625,224,185,103,24,77,12
SIM-00682,481,96,25,0,31,23,17,0
SIM-00683,669,281,41,164,10,4,57,5
SIM-00684,1207,609,4,130,110,199,146,20
SIM-00685,347,203,88,32,80,0,1,2
SIM-00686,829,429,66,75,70,72,140,6
SIM-00687,643,882,107,112,59,3,74,3
SIM-00688,1172,787,368,3,3,0,399,14
SIM-00689,1222,643,138,32,212,167,71,23
SIM-00690,670,381,51,9,107,118,91,5
SIM-00691,288,166,48,29,43,2,41,3
SIM-00692,1001,333,108,64,71,50,33,7
SIM-00693,1032,752,42,211,195,8,275,21
SIM-00694,478,258,31,44,47,58,70,8
SIM-00695,1131,470,7,203,84,12,159,5
SIM-00696,957,511,120,115,28,147,85,16
SIM-00697,603,348,62,66,50,22,139,9
SIM-00698,1073,791,56,80,175,49,404,27
SIM-00699,605,490,128,225,109,7,2,19
SIM-00700,1095,430,39,44,104,149,80,14
SIM-00701,561,296,21,5,74,7,185,4
SIM-00702,735,315,89,102,8,25,79,12
SIM-00703,780,351,6,2,189,45,101,8
SIM-00704,623,377,4,155,135,33,43,7
SIM-00705,925,604,83,98,97,169,146,11
SIM-00706,732,355,100,100,100,100,100,10
SIM-00707,415,284,85,13,106,66,4,10
SIM-00708,1143,698,37,166,113,37,334,11
SIM-00709,1301,725,24,17,115,380,184,5
SIM-00710,1067,535,146,70,146,115,49,9
SIM-00711,743,436,66,100,35,76,149,10
SIM-00712,369,182,112,67,0,1,1,1
SIM-00713,1113,385,76,109,152,5,35,8
SIM-00714,1117,737,244,242,190,35,2,24
SIM-00715,1222,681,194,112,32,266,67,10
SIM-00716,994,509,52,68,208,143,34,4
SIM-00717,1494,966,77,127,369,242,128,23
SIM-00718,1489,1055,88,97,296,546,5,23
SIM-00719,1159,739,162,26,6,271,258,16
SIM-00720,1059,554,190,124,96,86,39,19
SIM-00721,405,173,46,25,33,41,27,1
SIM-00722,265,142,25,18,45,0,50,4
SIM-00723,432,246,67,47,22,53,54,3
SIM-00724,732,337,5,18,77,3,225,9
SIM-00725,1211,686,55,15,234,245,123,14
SIM-00726,1226,533,13,41,136,94,240,9
SIM-00727,1481,859,162,291,16,4,372,14
SIM-00728,1443,800,102,259,189,19,218,13
SIM-00729,1292,728,89,234,168,41,168,28
SIM-00730,1135,771,124,9,157,416,42,23
SIM-00731,506,257,156,20,39,46,71,7
SIM-00732,912,476,65,147,8,45,204,7
SIM-00733,870,435,32,1,44,198,155,5
SIM-00734,1179,679,216,82,4,42,320,15
SIM-00735,321,171,60,48,0,35,22,6
SIM-00736,460,235,11,0,51,95,76,2
SIM-00737,1137,598,240,13,39,288,9,9
SIM-00738,275,135,22,32,69,4,6,2
SIM-00739,899,721,42,307,274,8,86,4
SIM-00740,766,400,105,64,109,56,54,12
SIM-00741,854,513,18,130,169,185,6,5
SIM-00742,1424,922,224,263,268,64,72,31
SIM-00743,677,503,142,51,127,20,161,2
SIM-00744,464,297,64,133,10,83,2,5
SIM-00745,901,602,208,134,108,91,40,21
SIM-00746,1087,647,56,60,99,236,192,4
SIM-00747,779,480,14,35,277,2,148,4
SIM-00748,783,485,118,21,169,131,31,15
SIM-00749,1434,864,250,275,91,131,113,4
SIM-00750,757,381,57,124,136,46,12,6
SIM-00751,570,280,7,144,96,26,2,5
SIM-00752,1167,900,302,17,52,55,447,27
SIM-00753,478,340,12,7,198,110,10,3
SIM-00754,1143,671,4,183,0,300,175,9
SIM-00755,464,324,22,177,89,0,34,2
SIM-00756,1387,793,6,115,181,352,114,25
SIM-00757,507,325,110,73,6,48,83,5
SIM-00758,430,248,78,4,70,68,26,2
SIM-00759,830,504,181,18,271,19,4,11
SIM-00760,1118,610,217,32,78,184,76,23
SIM-00761,1181,713,35,116,167,338,45,12
SIM-00762,1426,737,116,30,240,0,333,18
SIM-00763,374,285,85,2,46,105,45,2
SIM-00764,576,299,69,90,106,22,2,10
SIM-00765,1084,786,94,113,232,158,162,27
SIM-00766,831,445,90,3,74,116,147,15
SIM-00767,1195,746,153,128,271,74,97,23
SIM-00768,618,333,49,44,12,16,201,11
SIM-00769,355,221,19,64,122,14,0,2
SIM-00770,864,474,190,38,119,4,109,14
SIM-00771,1053,251,18,58,55,42,69,9
SIM-00772,313,179,11,24,98,2,39,5
SIM-00773,807,420,54,69,130,68,90,9
SIM-00774,974,598,13,78,174,121,208,4
SIM-00775,627,245,84,58,68,0,31,4
SIM-00776,519,262,62,29,62,94,9,6
SIM-00777,1272,386,93,52,31,103,102,5
SIM-00778,1452,1265,213,211,287,118,418,18
SIM-00779,671,773,3,25,138,114,10,4
SIM-00780,1409,464,60,115,148,69,69,3
SIM-00781,652,367,38,62,4,104,147,12
SIM-00782,840,538,127,112,60,0,226,13
SIM-00783,423,206,16,57,16,56,54,7
SIM-00784,929,512,99,17,211,12,164,9
SIM-00785,521,309,89,36,110,27,46,1
SIM-00786,909,375,54,19,161,51,85,5
SIM-00787,980,436,92,136,6,76,110,16
SIM-00788,490,281,54,71,135,6,14,1
SIM-00789,710,403,2,14,157,49,178,3
SIM-00790,557,310,52,64,62,34,86,12
SIM-00791,790,506,115,133,87,106,47,18
SIM-00792,794,660,12,105,287,219,17,20
SIM-00793,723,325,50,44,123,0,98,10
SIM-00794,966,534,163,144,49,100,58,20
SIM-00795,542,301,31,78,66,15,103,8
SIM-00796,410,234,4,75,0,148,5,2
SIM-00797,768,481,159,65,191,51,2,13
SIM-00798,1446,488,194,0,148,82,53,11
SIM-00799,392,232,56,83,1,50,39,3
SIM-00800,1416,656,19,281,186,7,149,14
SIM-00801,306,203,55,69,33,34,11,1
SIM-00802,250,140,15,37,7,25,52,4
SIM-00803,321,203,6,1,78,80,31,7
SIM-00804,440,144,8,44,0,53,34,5
SIM-00805,716,379,86,78,32,56,114,13
SIM-00806,720,368,94,131,11,90,36,6
SIM-00807,399,211,80,4,57,31,34,5
SIM-00808,362,214,52,47,7,48,55,5
SIM-00809,904,593,263,35,80,95,103,17
SIM-00810,441,251,34,9,87,89,27,5
SIM-00811,652,331,83,111,104,9,14,10
SIM-00812,686,271,67,5,17,99,81,2
SIM-00813,1025,436,91,80,69,32,155,9
SIM-00814,467,263,45,6,74,46,88,4
SIM-00815,1084,615,203,78,16,14,286,18
SIM-00816,1162,764,106,17,311,133,192,5
SIM-00817,987,1153,61,71,8,126,164,9
SIM-00818,359,236,29,66,74,3,62,2
SIM-00819,1477,733,256,235,100,41,89,12
SIM-00820,508,297,42,21,116,35,76,7
SIM-00821,1016,512,342,42,103,2,5,18
SIM-00822,1174,784,227,16,77,128,313,23
SIM-00823,480,229,94,12,72,32,11,8
SIM-00824,373,175,6,34,46,64,19,6
SIM-00825,376,187,14,73,66,3,25,6
SIM-00826,779,637,54,242,42,35,252,12
SIM-00827,1229,795,7,210,128,244,175,31
SIM-00828,1273,757,21,276,110,225,114,11
SIM-00829,1286,789,154,109,564,39,14,12
SIM-00830,1120,469,223,55,63,77,46,5
SIM-00831,432,271,7,11,91,56,97,9
SIM-00832,538,220,58,8,73,20,56,5
SIM-00833,715,453,239,80,1,1,130,2
SIM-00834,1291,596,357,103,23,86,16,11
SIM-00835,263,144,5,43,38,15,40,3
SIM-00836,836,297,56,1,128,29,73,10
SIM-00837,296,218,104,44,17,42,6,5
SIM-00838,743,592,90,6,52,320,120,4
SIM-00839,701,409,14,0,137,98,145,15
SIM-00840,1447,735,318,144,23,221,16,13
SIM-00841,626,166,19,94,7,12,33,1
SIM-00842,506,313,125,42,25,15,104,2
SIM-00843,1466,962,96,309,28,187,334,8
SIM-00844,335,160,5,7,30,9,108,1
SIM-00845,435,290,49,1,112,2,121,5
SIM-00846,704,532,185,41,155,49,269,11
SIM-00847,1178,711,46,99,208,18,337,3
SIM-00848,1207,1000,352,251,248,88,42,19
SIM-00849,1038,363,132,28,183,7,0,13
SIM-00850,261,180,43,14,21,40,60,2
SIM-00851,1258,620,137,240,50,31,148,14
SIM-00852,977,586,163,87,19,170,125,22
SIM-00853,1298,747,271,82,149,123,107,15
SIM-00854,1063,696,79,228,64,34,278,13
SIM-00855,576,320,47,40,128,62,39,4
SIM-00856,1201,797,102,120,197,152,219,7
SIM-00857,571,316,90,92,60,55,11,8
SIM-00858,1122,706,218,94,1,350,17,26
SIM-00859,676,380,15,134,14,155,55,7
SIM-00860,467,231,38,6,70,29,83,5
SIM-00861,991,666,155,96,126,158,122,9
SIM-00862,1268,724,217,7,217,182,87,14
SIM-00863,1491,1166,202,250,332,112,229,41
SIM-00864,1077,556,15,184,148,178,29,2
SIM-00865,596,241,43,19,116,18,36,9
SIM-00866,551,266,62,95,55,23,24,7
SIM-00867,1318,1088,404,62,292,52,266,12
SIM-00868,513,282,7,70,8,49,138,10
SIM-00869,529,297,51,1,131,12,100,2
SIM-00870,814,221,21,7,41,79,66,7
SIM-00871,651,478,145,55,180,65,17,16
SIM-00872,1093,728,67,11,109,255,273,13
SIM-00873,1231,672,195,219,71,138,23,26
SIM-00874,476,286,21,71,95,44,52,3
SIM-00875,350,221,22,108,51,13,23,4
SIM-00876,1168,673,254,43,178,9,180,9
SIM-00877,1282,525,350,139,57,181,99,10
SIM-00878,834,408,15,25,177,158,22,11
SIM-00879,1277,796,260,102,188,224,16,6
SIM-00880,385,207,31,54,2,23,95,2
SIM-00881,755,558,277,172,8,16,71,14
SIM-00882,1086,596,16,253,228,34,62,3
SIM-00883,1076,513,61,105,320,11,9,7
SIM-00884,464,244,34,43,84,0,80,3
SIM-00885,787,564,63,162,132,55,133,19
SIM-00886,1193,602,175,95,32,173,121,6
SIM-00887,674,357,6,70,67,101,100,13
SIM-00888,619,440,5,33,41,57,301,3
SIM-00889,1044,524,157,125,17,52,154,19
SIM-00890,1039,495,81,74,118,74,131,17
SIM-00891,1238,610,24,286,115,51,126,8
SIM-00892,1325,538,240,9,35,177,67,10
SIM-00893,1248,575,64,139,228,0,140,4
SIM-00894,1200,465,83,124,160,34,57,7
SIM-00895,987,1080,11,149,137,203,59,20
SIM-00896,1293,740,440,135,38,49,60,18
SIM-00897,975,388,110,62,149,49,11,7
SIM-00898,950,376,75,7,137,57,96,4
SIM-00899,923,487,68,60,219,43,94,3
SIM-00900,309,167,22,56,46,25,14,4
