faq_id,topic,en,pcm_draft,ha,yo,ig,translation_status,answer_en
FAQ-001,registration,How do I check if I am registered to vote?,How I fit check say I don register to vote?,,,,ha/yo/ig NEEDED (community contribution); pcm DRAFT needs native-speaker review,PLACEHOLDER: replace with text from an official public source and cite it.
FAQ-002,registration,What documents do I need to register?,Wetin I go carry to register?,,,,ha/yo/ig NEEDED (community contribution); pcm DRAFT needs native-speaker review,PLACEHOLDER: replace with text from an official public source and cite it.
FAQ-003,pvc,How do I collect my Permanent Voter Card (PVC)?,How I go take my PVC?,,,,ha/yo/ig NEEDED (community contribution); pcm DRAFT needs native-speaker review,PLACEHOLDER: replace with text from an official public source and cite it.
FAQ-004,pvc,What if my PVC is lost or damaged?,Wetin I go do if my PVC loss or spoil?,,,,ha/yo/ig NEEDED (community contribution); pcm DRAFT needs native-speaker review,PLACEHOLDER: replace with text from an official public source and cite it.
FAQ-005,voting_day,Can I vote without a PVC?,I fit vote if I no get PVC?,,,,ha/yo/ig NEEDED (community contribution); pcm DRAFT needs native-speaker review,PLACEHOLDER: replace with text from an official public source and cite it.
FAQ-006,voting_day,What time do polling units open and close?,Wetin be the time wey polling unit dey open and close?,,,,ha/yo/ig NEEDED (community contribution); pcm DRAFT needs native-speaker review,PLACEHOLDER: replace with text from an official public source and cite it.
FAQ-007,voting_day,How do I find my polling unit?,How I go find my polling unit?,,,,ha/yo/ig NEEDED (community contribution); pcm DRAFT needs native-speaker review,PLACEHOLDER: replace with text from an official public source and cite it.
FAQ-008,voting_day,Can I take a photo of my ballot?,I fit take photo of my ballot paper?,,,,ha/yo/ig NEEDED (community contribution); pcm DRAFT needs native-speaker review,PLACEHOLDER: replace with text from an official public source and cite it.
FAQ-009,accessibility,What support exists for voters with disabilities?,Wetin dey for people wey get disability to vote?,,,,ha/yo/ig NEEDED (community contribution); pcm DRAFT needs native-speaker review,PLACEHOLDER: replace with text from an official public source and cite it.
FAQ-010,accessibility,Can someone assist me to vote if I cannot see or read?,Person fit help me vote if I no fit see or read?,,,,ha/yo/ig NEEDED (community contribution); pcm DRAFT needs native-speaker review,PLACEHOLDER: replace with text from an official public source and cite it.
FAQ-011,results,How are results announced?,How dem dey announce results?,,,,ha/yo/ig NEEDED (community contribution); pcm DRAFT needs native-speaker review,PLACEHOLDER: replace with text from an official public source and cite it.
FAQ-012,results,Who can declare the official election result?,Who fit declare the official result?,,,,ha/yo/ig NEEDED (community contribution); pcm DRAFT needs native-speaker review,PLACEHOLDER: replace with text from an official public source and cite it.
FAQ-013,security,How do I report vote buying or intimidation?,How I go report say dem dey buy vote or dey threaten people?,,,,ha/yo/ig NEEDED (community contribution); pcm DRAFT needs native-speaker review,PLACEHOLDER: replace with text from an official public source and cite it.
FAQ-014,security,Is my vote secret?,Na secret my vote be?,,,,ha/yo/ig NEEDED (community contribution); pcm DRAFT needs native-speaker review,PLACEHOLDER: replace with text from an official public source and cite it.
FAQ-015,misinformation,How can I tell if a viral election message is fake?,How I fit know say viral election message na fake?,,,,ha/yo/ig NEEDED (community contribution); pcm DRAFT needs native-speaker review,PLACEHOLDER: replace with text from an official public source and cite it.
FAQ-016,misinformation,Where can I find official election information?,Where I fit see correct election information?,,,,ha/yo/ig NEEDED (community contribution); pcm DRAFT needs native-speaker review,PLACEHOLDER: replace with text from an official public source and cite it.
FAQ-017,observers,Who is allowed to observe an election?,Who fit observe election?,,,,ha/yo/ig NEEDED (community contribution); pcm DRAFT needs native-speaker review,PLACEHOLDER: replace with text from an official public source and cite it.
FAQ-018,voting_day,What happens if I am in the queue when polls close?,Wetin go happen if I dey queue when polling close?,,,,ha/yo/ig NEEDED (community contribution); pcm DRAFT needs native-speaker review,PLACEHOLDER: replace with text from an official public source and cite it.
FAQ-019,registration,Can I transfer my registration to a new location?,I fit move my registration go new place?,,,,ha/yo/ig NEEDED (community contribution); pcm DRAFT needs native-speaker review,PLACEHOLDER: replace with text from an official public source and cite it.
FAQ-020,voting_day,Can I vote if I am outside my state?,I fit vote if I no dey my state?,,,,ha/yo/ig NEEDED (community contribution); pcm DRAFT needs native-speaker review,PLACEHOLDER: replace with text from an official public source and cite it.
